model,seed,gradient_step,train_loss,validation_trajectory_rmse_rad_s,epsilon
gru_residual,7,1,0.004522896925383031,34.23058859308946,0.0
gru_residual,7,25,4.528433786953963e-05,3.7464117849917398,0.0
gru_residual,7,50,4.763529523264532e-06,1.236647142242723,0.0
gru_residual,7,75,1.1937421631475005e-06,0.6302033944461061,0.0
gru_residual,7,100,6.89801460234078e-07,0.49020306889573284,0.0
gru_residual,7,125,4.899692649946747e-07,0.42009731270748,0.0
gru_residual,7,150,3.75026769475408e-07,0.3725811609459371,0.0
gru_residual,7,175,2.993844462730352e-07,0.3365175056681187,0.0
gru_residual,7,200,2.4642232549142096e-07,0.3079762310010843,0.0
gru_residual,7,225,2.076226544152699e-07,0.2846827088927289,0.0
gru_residual,7,250,1.7808871294304388e-07,0.26513821816858096,0.0
gru_residual,7,275,1.5486588535884576e-07,0.24833649804344454,0.0
gru_residual,7,300,1.3610703333280295e-07,0.233612193084483,0.0
gru_residual,7,325,1.2061960713932597e-07,0.22050797303076775,0.0
gru_residual,7,350,1.0760799434067904e-07,0.20870481635870114,0.0
gru_residual,7,375,9.652191950746263e-08,0.19797317223942054,0.0
gru_residual,7,400,8.69693957786497e-08,0.18814390496204011,0.0
gru_residual,7,425,7.866096244860244e-08,0.17908625817598292,0.0
gru_residual,7,450,7.137827619606714e-08,0.17070015406236683,0.0
gru_residual,7,475,6.495294582200475e-08,0.1629032284820429,0.0
gru_residual,7,500,5.9252166079382624e-08,0.1556296103912151,0.0
gru_residual,7,525,5.416976089947281e-08,0.14882414462277113,0.0
gru_residual,7,550,4.961980721459247e-08,0.14244120620425937,0.0
gru_residual,7,575,4.553188473229532e-08,0.13644144654318932,0.0
gru_residual,7,600,4.184731755285571e-08,0.1307908829581509,0.0
gru_residual,7,625,3.851730894533199e-08,0.1254610169018784,0.0
gru_residual,7,650,3.550027480593918e-08,0.12042648529907121,0.0
gru_residual,7,675,3.276093682147407e-08,0.11566437426453603,0.0
gru_residual,7,700,3.026881274961232e-08,0.11115456948056357,0.0
gru_residual,7,725,2.9270593700565255e-08,0.11021779462533655,0.0
gru_residual,7,750,2.594779608308056e-08,0.10286753410486967,0.0
gru_residual,7,775,2.4030408807878828e-08,0.09899056343948066,0.0
gru_residual,7,800,2.229413971376284e-08,0.09530934588094554,0.0
gru_residual,7,825,2.0703079763398925e-08,0.09182562769013626,0.0
gru_residual,7,850,1.924296645868901e-08,0.08850883638626976,0.0
gru_residual,7,875,1.790111573028387e-08,0.08534859335206504,0.0
gru_residual,7,900,1.666640914582879e-08,0.08233490178418627,0.0
gru_residual,7,925,1.5529042136914524e-08,0.07945908404433492,0.0
gru_residual,7,950,1.49465515222825e-08,0.07867775398700844,0.0
gru_residual,7,975,1.3952956395160425e-08,0.07490881056082674,0.0
gru_residual,7,1000,1.2627793853173479e-08,0.07157925242185581,0.0
gru_residual,19,1,0.0047561887886327205,34.25948629666487,0.0
gru_residual,19,25,3.860660730229436e-05,3.4095338574045426,0.0
gru_residual,19,50,4.76973931374949e-06,1.2157991497343548,0.0
gru_residual,19,75,1.4818144795895684e-06,0.6906307710459367,0.0
gru_residual,19,100,9.004410100168867e-07,0.5456105858111818,0.0
gru_residual,19,125,6.40309184798334e-07,0.4650544776974129,0.0
gru_residual,19,150,4.820726102263237e-07,0.4067192683047769,0.0
gru_residual,19,175,3.749842635174877e-07,0.3616733601589135,0.0
gru_residual,19,200,2.9890261196810387e-07,0.3253236789646375,0.0
gru_residual,19,225,2.430254659766435e-07,0.29540246041878593,0.0
gru_residual,19,250,2.0089472960605342e-07,0.2703113782043403,0.0
gru_residual,19,275,1.6842146593631725e-07,0.24897119120374683,0.0
gru_residual,19,300,1.4291779249182248e-07,0.23060044628040313,0.0
gru_residual,19,325,1.2256080581884498e-07,0.21462258806084736,0.0
gru_residual,19,350,1.0608406110737282e-07,0.20060414199215795,0.0
gru_residual,19,375,9.258561709062332e-08,0.18821332587148087,0.0
gru_residual,19,400,8.141087676756526e-08,0.1771907586426072,0.0
gru_residual,19,425,7.207395860361645e-08,0.16733130481113745,0.0
gru_residual,19,450,6.420834987950135e-08,0.15846919470655857,0.0
gru_residual,19,475,5.75327277110822e-08,0.150468535499813,0.0
gru_residual,19,500,5.182821737118377e-08,0.14321625292731482,0.0
gru_residual,19,525,4.6922178953369436e-08,0.13661708809692086,0.0
gru_residual,19,550,4.2677178328054076e-08,0.13058974174001006,0.0
gru_residual,19,575,3.8982504325176206e-08,0.12506557814226205,0.0
gru_residual,19,600,3.574860898884996e-08,0.11998446053452172,0.0
gru_residual,19,625,3.2902446726039613e-08,0.11529485210132351,0.0
gru_residual,19,650,3.038417181600788e-08,0.11095143487247329,0.0
gru_residual,19,675,2.814439529286454e-08,0.10691534472198004,0.0
gru_residual,19,700,2.614236595853091e-08,0.1031528038575713,0.0
gru_residual,19,725,2.434420902738344e-08,0.09963346701781492,0.0
gru_residual,19,750,2.2721803728488036e-08,0.09633214363060366,0.0
gru_residual,19,775,2.1251544444168084e-08,0.09322602143993056,0.0
gru_residual,19,800,1.9913734262170485e-08,0.09029543302159479,0.0
gru_residual,19,825,1.8691745501367124e-08,0.08752372821911743,0.0
gru_residual,19,850,1.757164257011085e-08,0.08489531697586039,0.0
gru_residual,19,875,1.654150350218569e-08,0.08239752471714143,0.0
gru_residual,19,900,1.5591259641051098e-08,0.08001895393701496,0.0
gru_residual,19,925,1.47122570504194e-08,0.07774948636334711,0.0
gru_residual,19,950,1.3897137484095432e-08,0.07558046312387123,0.0
gru_residual,19,975,1.313951554988593e-08,0.07350395283530718,0.0
gru_residual,19,1000,1.2433843254065339e-08,0.0715131956624308,0.0
gru_residual,31,1,0.004856401901796052,35.48069002857005,0.0
gru_residual,31,25,4.426723190861805e-05,3.675248220045025,0.0
gru_residual,31,50,4.614443799443847e-06,1.2238439312719402,0.0
gru_residual,31,75,1.3318352093076795e-06,0.6536227923367921,0.0
gru_residual,31,100,7.164620811059845e-07,0.4861779392399716,0.0
gru_residual,31,125,4.7625002658641344e-07,0.4027233346079697,0.0
gru_residual,31,150,3.427440697973779e-07,0.3465071210878599,0.0
gru_residual,31,175,2.5834590793270605e-07,0.30454222540428344,0.0
gru_residual,31,200,2.017157491787694e-07,0.2721604571165376,0.0
gru_residual,31,225,1.6212737667600632e-07,0.24651973727127274,0.0
gru_residual,31,250,1.3353916543275043e-07,0.225766931160308,0.0
gru_residual,31,275,1.1231323745713877e-07,0.20866324405230025,0.0
gru_residual,31,300,9.615306248472044e-08,0.19432755064748822,0.0
gru_residual,31,325,8.355874456436336e-08,0.18211509869771764,0.0
gru_residual,31,350,7.352487071935165e-08,0.17154994882608046,0.0
gru_residual,31,375,6.536422952182412e-08,0.1622753241344981,0.0
gru_residual,31,400,5.8599652994599305e-08,0.15402580380421266,0.0
gru_residual,31,425,5.289576820000719e-08,0.14660161510728537,0.0
gru_residual,31,450,4.8098998010021795e-08,0.14098675127381216,0.0
gru_residual,31,475,4.3779964253700556e-08,0.1336998750142483,0.0
gru_residual,31,500,4.0070358413481386e-08,0.12794376702894253,0.0
gru_residual,31,525,3.677827598233305e-08,0.12262691909903874,0.0
gru_residual,31,550,3.384962547896806e-08,0.11766929481471061,0.0
gru_residual,31,575,3.1224582311215286e-08,0.11302657525927513,0.0
gru_residual,31,600,2.885989485247723e-08,0.10866596787383993,0.0
gru_residual,31,625,2.672149293438705e-08,0.10456063479095487,0.0
gru_residual,31,650,2.4781528926820822e-08,0.10068863567196809,0.0
gru_residual,31,675,2.301677032332926e-08,0.09703078298032823,0.0
gru_residual,31,700,2.3927801496607364e-08,0.09446008762745667,0.0
gru_residual,31,725,2.0076966560246217e-08,0.09072506415799113,0.0
gru_residual,31,750,1.8591765520224058e-08,0.08719995084310171,0.0
gru_residual,31,775,1.7358500285077954e-08,0.08423864389006723,0.0
gru_residual,31,800,1.622388131345718e-08,0.08143292972403492,0.0
gru_residual,31,825,1.5180871170834363e-08,0.0787665663132481,0.0
gru_residual,31,850,1.4219778192569742e-08,0.07622771944330634,0.0
gru_residual,31,875,1.3332864025574604e-08,0.07380837814179175,0.0
gru_residual,31,900,1.2513195975548507e-08,0.07149956929032826,0.0
gru_residual,31,925,1.1754597068933324e-08,0.06929507708331571,0.0
gru_residual,31,950,1.2539894319218146e-08,0.07362808677705847,0.0
gru_residual,31,975,1.0433460213013636e-08,0.06536182053288887,0.0
gru_residual,31,1000,9.826758713364299e-09,0.06330216379976922,0.0
jepa_residual,7,1,0.049759872478868976,39.187037101763806,0.0
jepa_residual,7,25,0.008942224534700532,12.669348227946932,0.0
jepa_residual,7,50,0.002135920653180714,4.123455559769625,0.0
jepa_residual,7,75,0.0009679342644346179,1.9776525844884048,0.0
jepa_residual,7,100,0.0008972072033256271,1.1647748389149664,0.0
jepa_residual,7,125,0.000983180929264423,0.760134530936612,0.0
jepa_residual,7,150,0.0005784830967154071,0.4605119999776029,0.0
jepa_residual,7,175,0.00039430213743657316,0.3831760558034042,0.0
jepa_residual,7,200,0.0007662395408819049,0.4337433542030496,0.0
jepa_residual,7,225,0.0008513604293018367,0.7416360097969086,0.0
jepa_residual,7,250,0.0005325325063559196,0.5031315777326124,0.0
jepa_residual,7,275,0.0003340809707159707,0.4802870460778912,0.0
jepa_residual,7,300,0.000310649656880272,0.5586924061777894,0.0
jepa_residual,7,325,0.0004786042244965653,0.3519899472004129,0.0
jepa_residual,7,350,0.0002796823511813386,0.41812119615275894,0.0
jepa_residual,7,375,0.00023723753051123475,0.35310977084115364,0.0
jepa_residual,7,400,0.00028977962646538135,0.3304629373021278,0.0
jepa_residual,7,425,0.00032118461186808985,0.4907783566730001,0.0
jepa_residual,7,450,0.0002636140782281385,0.4290331863988712,0.0
jepa_residual,7,475,0.0003322305754633069,0.47508774161512146,0.0
jepa_residual,7,500,0.00020779691810692382,0.47475170424362445,0.0
jepa_residual,7,525,0.00030529671302067954,0.5578817329415919,0.0
jepa_residual,7,550,0.0004211037198520038,0.4557811575127772,0.0
jepa_residual,7,575,0.0002816499487193023,0.6835145118626332,0.0
jepa_residual,7,600,0.00024880365980472976,0.4529790866756138,0.0
jepa_residual,7,625,0.0003476378147213328,0.45452112634727393,0.0
jepa_residual,7,650,0.0004529565889372253,0.5419822071012653,0.0
jepa_residual,7,675,0.0004437558462708956,0.5760948365331513,0.0
jepa_residual,7,700,0.00033808250620204124,0.42390011523244,0.0
jepa_residual,7,725,0.0003094101292785813,0.4201351813282244,0.0
jepa_residual,7,750,0.00025884647802418455,0.48501447887336924,0.0
jepa_residual,7,775,0.00022469905298737268,0.4716866622980527,0.0
jepa_residual,7,800,0.0002741242826580755,0.37186639452947484,0.0
jepa_residual,7,825,0.00019978395286688406,0.4101913565205365,0.0
jepa_residual,7,850,0.00028770735538808577,0.42743365404827466,0.0
jepa_residual,7,875,0.00032141386657173445,0.480852575695277,0.0
jepa_residual,7,900,0.0003176159781249839,0.45299235166770424,0.0
jepa_residual,7,925,0.00020291793004446358,0.41140153944735436,0.0
jepa_residual,7,950,0.0002722662796041016,0.46184084752900245,0.0
jepa_residual,7,975,0.00022182373307280087,0.46731962997454113,0.0
jepa_residual,7,1000,0.00028134809108273874,0.5777712372428832,0.0
jepa_residual,19,1,0.04617433987899281,35.73615638963067,0.0
jepa_residual,19,25,0.01325781014457725,9.354717335105054,0.0
jepa_residual,19,50,0.0019861678408506977,3.9589426266626853,0.0
jepa_residual,19,75,0.0009780867584180792,2.1690242626126004,0.0
jepa_residual,19,100,0.0007804087332226674,1.0525599933247949,0.0
jepa_residual,19,125,0.0006921059726555062,0.7351858696527843,0.0
jepa_residual,19,150,0.0008090592133587048,0.6462443912254606,0.0
jepa_residual,19,175,0.0005610519832420212,0.7824439365087396,0.0
jepa_residual,19,200,0.0004982133345083426,0.6549363174627759,0.0
jepa_residual,19,225,0.0004899559151932015,1.256544449055748,0.0
jepa_residual,19,250,0.0005127003328630491,0.7021678842217619,0.0
jepa_residual,19,275,0.0006445794996469627,1.2549798186304792,0.0
jepa_residual,19,300,0.0005033719213841955,1.0304279142547361,0.0
jepa_residual,19,325,0.0004529410768503767,0.9954557169957083,0.0
jepa_residual,19,350,0.0006910994818340742,1.1147296191121248,0.0
jepa_residual,19,375,0.0003892967441622119,0.868151770749608,0.0
jepa_residual,19,400,0.0005899017110392002,0.6158699192034038,0.0
jepa_residual,19,425,0.000430159490104762,0.9246548015093065,0.0
jepa_residual,19,450,0.0006156095068539425,0.8249372580351353,0.0
jepa_residual,19,475,0.0004362429341807757,0.7759956932033724,0.0
jepa_residual,19,500,0.00032073258330054703,0.882005273074781,0.0
jepa_residual,19,525,0.000615501802801059,1.0448955659728563,0.0
jepa_residual,19,550,0.0002705206932750414,0.6415751812724431,0.0
jepa_residual,19,575,0.0003711503856408788,0.8095123520198333,0.0
jepa_residual,19,600,0.0004653634991242968,0.9729872500060922,0.0
jepa_residual,19,625,0.00053776437995917,0.9197780448731967,0.0
jepa_residual,19,650,0.0005136757681924209,0.7592548059575092,0.0
jepa_residual,19,675,0.00042068973943465996,0.8657822394690268,0.0
jepa_residual,19,700,0.000253190256764186,0.8307082164298419,0.0
jepa_residual,19,725,0.0003100487810450159,0.7345274177036814,0.0
jepa_residual,19,750,0.00033758851480586894,0.7000864407384583,0.0
jepa_residual,19,775,0.00030878766851720127,0.7994046869206409,0.0
jepa_residual,19,800,0.0003488850784505681,0.5960005224557974,0.0
jepa_residual,19,825,0.00025809896232808046,0.756519708294638,0.0
jepa_residual,19,850,0.00028891773477499234,0.6060076865611881,0.0
jepa_residual,19,875,0.0003419073224060345,0.6569278887169173,0.0
jepa_residual,19,900,0.00040728630454010676,0.742566233892662,0.0
jepa_residual,19,925,0.0005210183107579489,0.5878961459409141,0.0
jepa_residual,19,950,0.0004290864208874333,0.8721544296441827,0.0
jepa_residual,19,975,0.000359340754455118,0.6460231527674559,0.0
jepa_residual,19,1000,0.00034399646191067123,0.731192872831111,0.0
jepa_residual,31,1,0.04802633610236701,37.13878568241804,0.0
jepa_residual,31,25,0.009145709605069108,14.417714223839694,0.0
jepa_residual,31,50,0.0015053254636081673,4.707187592006476,0.0
jepa_residual,31,75,0.0006466327070624581,2.158063378843966,0.0
jepa_residual,31,100,0.0012073691106333933,1.2973958520215876,0.0
jepa_residual,31,125,0.0004227664980337143,1.0729488342536795,0.0
jepa_residual,31,150,0.0006303412178040729,0.6541023943710723,0.0
jepa_residual,31,175,0.00031510222997233875,0.4681817499611132,0.0
jepa_residual,31,200,0.000369625585922286,0.5656831129198684,0.0
jepa_residual,31,225,0.00028189786783740266,0.43423530156954204,0.0
jepa_residual,31,250,0.000536788645782707,0.6116349172304733,0.0
jepa_residual,31,275,0.00043275809288481257,1.0948043813814448,0.0
jepa_residual,31,300,0.0004030179304472805,0.7204391303372571,0.0
jepa_residual,31,325,0.0003438399667257824,1.2361177709158617,0.0
jepa_residual,31,350,0.00027401560487926626,0.7759254002305035,0.0
jepa_residual,31,375,0.00030061323462955854,0.8007948722219045,0.0
jepa_residual,31,400,0.000333393287158778,0.7479243123068118,0.0
jepa_residual,31,425,0.0003392460509852902,1.0857801572095285,0.0
jepa_residual,31,450,0.0003754604271143317,0.6438207550661025,0.0
jepa_residual,31,475,0.0004537537634926224,0.7255948163164436,0.0
jepa_residual,31,500,0.00023287113516930278,0.4310850602713215,0.0
jepa_residual,31,525,0.0003696314375978026,0.6590703417377819,0.0
jepa_residual,31,550,0.00030662328551325763,0.7170466214150112,0.0
jepa_residual,31,575,0.0003143599390546016,0.753015965011581,0.0
jepa_residual,31,600,0.00029790523096011166,0.6634313841116984,0.0
jepa_residual,31,625,0.0003422850586996732,0.6949593100310902,0.0
jepa_residual,31,650,0.0003275525327437848,0.791110185334083,0.0
jepa_residual,31,675,0.00038479166311963776,0.6688875925354506,0.0
jepa_residual,31,700,0.0002856747871407251,1.2810743855448277,0.0
jepa_residual,31,725,0.0003277223199589797,0.963434001533895,0.0
jepa_residual,31,750,0.0004189254029436034,0.8047296247360498,0.0
jepa_residual,31,775,0.0003169966321295057,1.1196985754279651,0.0
jepa_residual,31,800,0.00046974828911646875,0.7250932602802937,0.0
jepa_residual,31,825,0.0003796960877106762,0.7198132503124101,0.0
jepa_residual,31,850,0.0003388192534102798,0.755437138931915,0.0
jepa_residual,31,875,0.00032018854788998713,0.7713205527981598,0.0
jepa_residual,31,900,0.00040173772961410085,0.949006144563863,0.0
jepa_residual,31,925,0.0002848592883522521,0.8040115513486651,0.0
jepa_residual,31,950,0.00041030083818170953,0.7794722788578576,0.0
jepa_residual,31,975,0.0002820020987360928,0.7111836172772352,0.0
jepa_residual,31,1000,0.0004347957559700396,0.8199037006207894,0.0
gru_residual,7,1,0.004524731399453316,34.2395986348016,0.1
gru_residual,7,25,4.535189119612015e-05,3.7476306459560758,0.1
gru_residual,7,50,4.762013567730685e-06,1.2366631308005775,0.1
gru_residual,7,75,1.1943086576967332e-06,0.6299752039851596,0.1
gru_residual,7,100,6.899942728297743e-07,0.49033077833227734,0.1
gru_residual,7,125,4.905733617462358e-07,0.4202645999702239,0.1
gru_residual,7,150,3.758960594210958e-07,0.37297255453340983,0.1
gru_residual,7,175,3.004663607805047e-07,0.33707757249039233,0.1
gru_residual,7,200,2.476724219990576e-07,0.3087062309655132,0.1
gru_residual,7,225,2.0899840703312851e-07,0.2855661841554961,0.1
gru_residual,7,250,1.7955246132607105e-07,0.2661566802245856,0.1
gru_residual,7,275,1.563850802565901e-07,0.24947332866392918,0.1
gru_residual,7,300,1.376554776234462e-07,0.2348501771377426,0.1
gru_residual,7,325,1.2217653085528857e-07,0.22183248017190177,0.1
gru_residual,7,350,1.0915740689769136e-07,0.21010220221518364,0.1
gru_residual,7,375,9.805219770124304e-08,0.1994327135426197,0.1
gru_residual,7,400,8.847184584537478e-08,0.18965446788540968,0.1
gru_residual,7,425,8.012926932548797e-08,0.18064033452961242,0.1
gru_residual,7,450,7.280826067410203e-08,0.17228941263634218,0.1
gru_residual,7,475,6.634151148358551e-08,0.16452102534915952,0.1
gru_residual,7,500,6.05972821078968e-08,0.15727058752982143,0.1
gru_residual,7,525,5.5470453401232594e-08,0.15048338681231946,0.1
gru_residual,7,550,5.087576849381906e-08,0.1441139375260717,0.1
gru_residual,7,575,4.674309335170423e-08,0.13812373179814263,0.1
gru_residual,7,600,4.301432866556214e-08,0.13247979801015725,0.1
gru_residual,7,625,3.964082222871985e-08,0.12715355911308587,0.1
gru_residual,7,650,3.658139435230059e-08,0.12212026916346376,0.1
gru_residual,7,675,3.380089150376884e-08,0.11735723521559732,0.1
gru_residual,7,700,3.126901209207383e-08,0.11284540974364468,0.1
gru_residual,7,725,2.8959519818607618e-08,0.108566913957268,0.1
gru_residual,7,750,2.684950116219491e-08,0.10450605911275579,0.1
gru_residual,7,775,2.4918975731467777e-08,0.10064850152167468,0.1
gru_residual,7,800,2.6454002174534134e-08,0.10251291642360076,0.1
gru_residual,7,825,2.1740793269453095e-08,0.0937105287937331,0.1
gru_residual,7,850,2.031721494528334e-08,0.0907881101692801,0.1
gru_residual,7,875,1.8667725536659297e-08,0.0870110731626907,0.1
gru_residual,7,900,1.742670394317246e-08,0.08404974891112477,0.1
gru_residual,7,925,1.6903220839105367e-08,0.08237377502932786,0.1
gru_residual,7,950,1.522819296241451e-08,0.0785224944746386,0.1
gru_residual,7,975,1.4212822799460535e-08,0.07584722223856914,0.1
gru_residual,7,1000,1.3614753877715126e-08,0.07386776779237994,0.1
gru_residual,19,1,0.004754030649037865,34.24828836944792,0.1
gru_residual,19,25,3.8638554264155716e-05,3.41246710824193,0.1
gru_residual,19,50,4.751685482767477e-06,1.2121455559245689,0.1
gru_residual,19,75,1.4785898082793847e-06,0.6899319054157033,0.1
gru_residual,19,100,8.978338951664012e-07,0.5447505342275403,0.1
gru_residual,19,125,6.387289820953961e-07,0.4642897080351359,0.1
gru_residual,19,150,4.811454516041622e-07,0.4061491734937807,0.1
gru_residual,19,175,3.7448250084051356e-07,0.3612456625149659,0.1
gru_residual,19,200,2.986837253143469e-07,0.3250308244328922,0.1
gru_residual,19,225,2.4299874383541037e-07,0.2952162079864307,0.1
gru_residual,19,250,2.0099859012150506e-07,0.27021656195028065,0.1
gru_residual,19,275,1.6861438286596613e-07,0.24895213754960366,0.1
gru_residual,19,300,1.4317017422389193e-07,0.23064506303182244,0.1
gru_residual,19,325,1.2285281407994613e-07,0.2147217212675276,0.1
gru_residual,19,350,1.0640109043378487e-07,0.20074966313238904,0.1
gru_residual,19,375,9.291785922094471e-08,0.18839856128071528,0.1
gru_residual,19,400,8.175097892249795e-08,0.1774112151764045,0.1
gru_residual,19,425,7.24168701468685e-08,0.16758244495157218,0.1
gru_residual,19,450,6.455037970304742e-08,0.15874770195535812,0.1
gru_residual,19,475,5.787152326320207e-08,0.15077127258247625,0.1
gru_residual,19,500,5.216218485988559e-08,0.14354098840710078,0.1
gru_residual,19,525,4.725043505754442e-08,0.13696161377307994,0.1
gru_residual,19,550,4.299931152757896e-08,0.13095369434078696,0.1
gru_residual,19,575,3.929859469965573e-08,0.12544748262608338,0.1
gru_residual,19,600,3.605909950021938e-08,0.12038380694834258,0.1
gru_residual,19,625,3.320784196777905e-08,0.11571161027930586,0.1
gru_residual,19,650,3.068504713937687e-08,0.11138567025963136,0.1
gru_residual,19,675,2.844152124828982e-08,0.10736717304261528,0.1
gru_residual,19,700,2.6436376409057125e-08,0.10362223077953829,0.1
gru_residual,19,725,2.4635868655614563e-08,0.10012139961868961,0.1
gru_residual,19,750,2.3011648252043532e-08,0.09683873484812955,0.1
gru_residual,19,775,2.154009609487671e-08,0.0937518168185565,0.1
gru_residual,19,800,2.0201504600673946e-08,0.09084096151430976,0.1
gru_residual,19,825,1.8979125484218756e-08,0.08808885048718751,0.1
gru_residual,19,850,1.7858928363258932e-08,0.08548087173639424,0.1
gru_residual,19,875,1.6828914316771317e-08,0.08300371249713276,0.1
gru_residual,19,900,1.5878996412512766e-08,0.08064581046053183,0.1
gru_residual,19,925,1.5000461210982656e-08,0.07839730773964573,0.1
gru_residual,19,950,1.4185894074867344e-08,0.0762494270525725,0.1
gru_residual,19,975,1.3428861427341131e-08,0.07419403114230994,0.1
gru_residual,19,1000,1.2723799811912519e-08,0.07222490649781584,0.1
gru_residual,31,1,0.00485555972663959,35.4784155201722,0.1
gru_residual,31,25,4.422995525006117e-05,3.6754819164013552,0.1
gru_residual,31,50,4.603064659580775e-06,1.2215803911497398,0.1
gru_residual,31,75,1.327563398651719e-06,0.6529021837792549,0.1
gru_residual,31,100,7.13557199860802e-07,0.4854063833412684,0.1
gru_residual,31,125,4.7425759873868016e-07,0.40216463754065146,0.1
gru_residual,31,150,3.41297851255184e-07,0.346051299548844,0.1
gru_residual,31,175,2.5733803847263393e-07,0.3042216527654813,0.1
gru_residual,31,200,2.0106124348401404e-07,0.2719843905646469,0.1
gru_residual,31,225,1.6175305266688414e-07,0.24648044724601634,0.1
gru_residual,31,250,1.3338561437051273e-07,0.225854389776407,0.1
gru_residual,31,275,1.1233361596794184e-07,0.20886835591911834,0.1
gru_residual,31,300,9.631086414927222e-08,0.19464202333560252,0.1
gru_residual,31,325,8.382571280713534e-08,0.1825308472109203,0.1
gru_residual,31,350,7.387902173991287e-08,0.17205920348225767,0.1
gru_residual,31,375,6.578849592852521e-08,0.16287271787551744,0.1
gru_residual,31,400,5.9080628979158915e-08,0.15470571155110233,0.1
gru_residual,31,425,5.5535685907286574e-08,0.15137200974738654,0.1
gru_residual,31,450,4.857796661721379e-08,0.1408796790133621,0.1
gru_residual,31,475,4.438908488062228e-08,0.13459063979149075,0.1
gru_residual,31,500,4.068375110191742e-08,0.12891514435088042,0.1
gru_residual,31,525,3.741908723561283e-08,0.12366978045837275,0.1
gru_residual,31,550,3.450831674954689e-08,0.11877908850602355,0.1
gru_residual,31,575,3.189767007768045e-08,0.11420179955405528,0.1
gru_residual,31,600,2.9544899861416925e-08,0.10990606797079137,0.1
gru_residual,31,625,2.741635966555936e-08,0.10586432258959898,0.1
gru_residual,31,650,2.558595623936111e-08,0.10239343432552919,0.1
gru_residual,31,675,2.414594580097511e-08,0.0994039395297768,0.1
gru_residual,31,700,2.2145334564608854e-08,0.09513381587667535,0.1
gru_residual,31,725,2.065718277404713e-08,0.0918443751241439,0.1
gru_residual,31,750,1.9313109951086217e-08,0.08879636490211788,0.1
gru_residual,31,775,1.8080738191327386e-08,0.08590536188504562,0.1
gru_residual,31,800,1.6948055033379863e-08,0.08316042710945966,0.1
gru_residual,31,825,1.590523788408868e-08,0.08055145535012459,0.1
gru_residual,31,850,1.494364973163234e-08,0.07806888013998259,0.1
gru_residual,31,875,1.40556098730753e-08,0.07570474187714298,0.1
gru_residual,31,900,1.3314760631434445e-08,0.07379518733165935,0.1
gru_residual,31,925,1.299297264992415e-08,0.07156442238012314,0.1
gru_residual,31,950,1.1769560920081205e-08,0.06927030879789808,0.1
gru_residual,31,975,1.111262684446386e-08,0.06728240205368904,0.1
gru_residual,31,1000,1.0502728640962294e-08,0.06540194120307416,0.1
jepa_residual,7,1,0.049760580554146866,39.18985404033611,0.1
jepa_residual,7,25,0.008934493966646329,12.649749376434967,0.1
jepa_residual,7,50,0.0020397347226847723,4.271842626041255,0.1
jepa_residual,7,75,0.0009876554919214385,1.9323820241876275,0.1
jepa_residual,7,100,0.0006793655127540673,1.1916845070819089,0.1
jepa_residual,7,125,0.0006794330812924889,0.6643274654198398,0.1
jepa_residual,7,150,0.0005555023594523183,0.6118067699039945,0.1
jepa_residual,7,175,0.00029821072866151023,0.6274867834755593,0.1
jepa_residual,7,200,0.0009749354592649136,0.9374064199509806,0.1
jepa_residual,7,225,0.000570280223476775,0.8586025656364789,0.1
jepa_residual,7,250,0.000447018041263947,0.6650325362442503,0.1
jepa_residual,7,275,0.00025098964461639175,0.6433387936421372,0.1
jepa_residual,7,300,0.000308013542009212,0.3586493692314447,0.1
jepa_residual,7,325,0.00032386151979761467,0.5852232472212151,0.1
jepa_residual,7,350,0.00035734724933433475,0.3126939406407687,0.1
jepa_residual,7,375,0.00041465347121901917,0.4349844016262336,0.1
jepa_residual,7,400,0.00024933341270283146,0.4109475337277752,0.1
jepa_residual,7,425,0.00019221388204357926,0.39355514424132576,0.1
jepa_residual,7,450,0.00033979874046501286,0.5317488107296309,0.1
jepa_residual,7,475,0.00026901079429203636,0.4052165098076177,0.1
jepa_residual,7,500,0.00038622156630337443,0.6294207537760451,0.1
jepa_residual,7,525,0.00030529424834829495,0.6697364750682688,0.1
jepa_residual,7,550,0.0003676974235957488,0.5750043082592503,0.1
jepa_residual,7,575,0.00029972861336366636,0.5803975138362198,0.1
jepa_residual,7,600,0.0003018629168318748,0.473882919996993,0.1
jepa_residual,7,625,0.0002156501834949889,0.5381745936972886,0.1
jepa_residual,7,650,0.00023283394371122334,0.5506389101489536,0.1
jepa_residual,7,675,0.0004769938516063275,0.466365878854994,0.1
jepa_residual,7,700,0.00020259424461324766,0.4672411078885974,0.1
jepa_residual,7,725,0.00022682005485553838,0.3832299579347583,0.1
jepa_residual,7,750,0.0003303882844155828,0.570558405162545,0.1
jepa_residual,7,775,0.0002741098910127716,0.4433882387386586,0.1
jepa_residual,7,800,0.0002802163656210662,0.4093259828854614,0.1
jepa_residual,7,825,0.00030063012815560616,0.4617449954321337,0.1
jepa_residual,7,850,0.0002900099260261028,0.4277191324142956,0.1
jepa_residual,7,875,0.00019126789083970117,0.4354951181317887,0.1
jepa_residual,7,900,0.00030529490881031087,0.3719319042227731,0.1
jepa_residual,7,925,0.00026449424827078045,0.4963946646493768,0.1
jepa_residual,7,950,0.0002568798183119864,0.48331349326033807,0.1
jepa_residual,7,975,0.00034786037562691805,0.399482209026189,0.1
jepa_residual,7,1000,0.00034119011633100527,0.40557193741237685,0.1
jepa_residual,19,1,0.04617643554025713,35.74549978331033,0.1
jepa_residual,19,25,0.013269523431046672,9.4004280213854,0.1
jepa_residual,19,50,0.0019110310734714905,3.928810855321631,0.1
jepa_residual,19,75,0.0009447329204167817,2.230928147100587,0.1
jepa_residual,19,100,0.0007889742697769659,1.3161004549280038,0.1
jepa_residual,19,125,0.0006887629840304901,0.7525385976254475,0.1
jepa_residual,19,150,0.0007247162653507159,0.6268144285018664,0.1
jepa_residual,19,175,0.0007871150861011128,0.7578676295976811,0.1
jepa_residual,19,200,0.0008800744512919245,0.5618887408333704,0.1
jepa_residual,19,225,0.00057144799707305,0.7939716211897129,0.1
jepa_residual,19,250,0.000392616178787353,1.0996944257418484,0.1
jepa_residual,19,275,0.00045987256822062453,0.9954265500603772,0.1
jepa_residual,19,300,0.0004317519637047344,1.1371848248067524,0.1
jepa_residual,19,325,0.00040615048219257247,1.102917701314568,0.1
jepa_residual,19,350,0.0004784006084472018,1.008331927311002,0.1
jepa_residual,19,375,0.0005489963065406609,1.0229849588708029,0.1
jepa_residual,19,400,0.000375224243874246,0.8367989892003835,0.1
jepa_residual,19,425,0.0004166455560411624,1.3862862459252023,0.1
jepa_residual,19,450,0.0006420416272071004,1.0202161176710667,0.1
jepa_residual,19,475,0.0003779106747520166,0.8890896171781072,0.1
jepa_residual,19,500,0.00048135037469894013,0.649369415943615,0.1
jepa_residual,19,525,0.00040957862805552785,0.9326583516063398,0.1
jepa_residual,19,550,0.0003257070972927951,0.9641394756386804,0.1
jepa_residual,19,575,0.00046285199824002663,0.7175660972157467,0.1
jepa_residual,19,600,0.0004530021292527854,0.8731452304978589,0.1
jepa_residual,19,625,0.00039269041060869045,0.657045304670676,0.1
jepa_residual,19,650,0.0005372616577050713,0.8397100441433454,0.1
jepa_residual,19,675,0.0003742056395567395,0.9230466957202784,0.1
jepa_residual,19,700,0.0003874495231452435,0.8888163749955056,0.1
jepa_residual,19,725,0.00046238584048763625,0.5717752012752144,0.1
jepa_residual,19,750,0.0003040054287581213,0.829725720545659,0.1
jepa_residual,19,775,0.0005093079561359483,0.6778753054886313,0.1
jepa_residual,19,800,0.0003273395422986465,0.6302474475259413,0.1
jepa_residual,19,825,0.00039277246038124804,0.8223768114492124,0.1
jepa_residual,19,850,0.00029676594221681384,0.6581972158329676,0.1
jepa_residual,19,875,0.0003339471644695734,0.6153525105141417,0.1
jepa_residual,19,900,0.0004537678031718297,0.6208158707804424,0.1
jepa_residual,19,925,0.0003033987518191011,0.6132084140739473,0.1
jepa_residual,19,950,0.0003011031597595955,0.6349993258064738,0.1
jepa_residual,19,975,0.00031520319553492306,0.9128479476432587,0.1
jepa_residual,19,1000,0.0003098447850251577,0.7321002970999266,0.1
jepa_residual,31,1,0.048026108582745926,37.139565911205466,0.1
jepa_residual,31,25,0.009148423758739992,14.41282096038879,0.1
jepa_residual,31,50,0.0015149783896184245,4.684465239639359,0.1
jepa_residual,31,75,0.0006751420691557971,2.1913624478938423,0.1
jepa_residual,31,100,0.0004687217203818512,1.2286282841869687,0.1
jepa_residual,31,125,0.0005189475239498098,0.8309082668465215,0.1
jepa_residual,31,150,0.00043610629810436825,0.48281060260958464,0.1
jepa_residual,31,175,0.00048625071649626615,0.4690831600319467,0.1
jepa_residual,31,200,0.00034080570336986356,0.4294234895781849,0.1
jepa_residual,31,225,0.0004469511635998483,0.7234105391132516,0.1
jepa_residual,31,250,0.00027046395932756463,0.6024943408781933,0.1
jepa_residual,31,275,0.0003656624484258002,0.8914721076266954,0.1
jepa_residual,31,300,0.0004037125306744546,0.747331461334302,0.1
jepa_residual,31,325,0.0002445756307534127,0.6761939658028098,0.1
jepa_residual,31,350,0.0003060451953783363,1.0560303614556996,0.1
jepa_residual,31,375,0.0002490515340673199,0.7888723652434362,0.1
jepa_residual,31,400,0.00040369498389225013,0.47274014233808137,0.1
jepa_residual,31,425,0.00025150415756847253,0.6717869593918407,0.1
jepa_residual,31,450,0.00038374173688878285,0.552703905468751,0.1
jepa_residual,31,475,0.00033850703225868107,0.740108018139822,0.1
jepa_residual,31,500,0.000994213767885102,3.546698727890486,0.1
jepa_residual,31,525,0.00028746340586762706,1.3831591389517286,0.1
jepa_residual,31,550,0.00030373938973353687,0.709865705006325,0.1
jepa_residual,31,575,0.00019448367480462026,0.40855656872932106,0.1
jepa_residual,31,600,0.0003167397163155754,0.460643632764556,0.1
jepa_residual,31,625,0.0003333044592812381,0.890686372309871,0.1
jepa_residual,31,650,0.0002573022225737763,0.4415484225089544,0.1
jepa_residual,31,675,0.0002968791815313197,0.8580863208560405,0.1
jepa_residual,31,700,0.0002974483565809081,0.8533595072620903,0.1
jepa_residual,31,725,0.0003955624877362143,0.6689873865014095,0.1
jepa_residual,31,750,0.00038679936945148336,1.0359445453787566,0.1
jepa_residual,31,775,0.00026009168168583853,0.7054820663193401,0.1
jepa_residual,31,800,0.00027652219010137,0.8789438831099778,0.1
jepa_residual,31,825,0.0004070676289857476,0.9371415137275253,0.1
jepa_residual,31,850,0.00022114787532053352,0.6112761246762896,0.1
jepa_residual,31,875,0.0002580460786097291,0.5899044015056656,0.1
jepa_residual,31,900,0.0002367096730481791,0.566576074684772,0.1
jepa_residual,31,925,0.0003670102907851208,0.6581770277376475,0.1
jepa_residual,31,950,0.0001555458224832551,0.5877070937987112,0.1
jepa_residual,31,975,0.00026134578103767633,0.6921709036984839,0.1
jepa_residual,31,1000,0.0002882662732827981,0.6231314279979677,0.1
gru_residual,7,1,0.004527134498749567,34.252013230660125,0.2
gru_residual,7,25,4.543563436296027e-05,3.7494061568698087,0.2
gru_residual,7,50,4.764779487056607e-06,1.2372276875964356,0.2
gru_residual,7,75,1.199131229810312e-06,0.630846783902869,0.2
gru_residual,7,100,6.93411156771137e-07,0.4917858934320419,0.2
gru_residual,7,125,4.944716487838707e-07,0.42192728073004243,0.2
gru_residual,7,150,3.799492339360244e-07,0.3750316498319605,0.2
gru_residual,7,175,3.0465998155869564e-07,0.3394341930892671,0.2
gru_residual,7,200,2.5197423998873846e-07,0.311371103636259,0.2
gru_residual,7,225,2.133699853263702e-07,0.2884998405914931,0.2
gru_residual,7,250,1.8395687413892955e-07,0.26933194884984535,0.2
gru_residual,7,275,1.6078887832161148e-07,0.25286402728008095,0.2
gru_residual,7,300,1.420309874841705e-07,0.23843211626559163,0.2
gru_residual,7,325,1.2650230358087547e-07,0.22558375347673504,0.2
gru_residual,7,350,1.1341678032567795e-07,0.2140028144961226,0.2
gru_residual,7,375,1.0223338704762805e-07,0.20346556580666217,0.2
gru_residual,7,400,9.256608488251477e-08,0.1938058512356585,0.2
gru_residual,7,425,8.413086197959682e-08,0.18489715976391302,0.2
gru_residual,7,450,7.671333427538067e-08,0.17664060707602677,0.2
gru_residual,7,475,7.014789696883316e-08,0.1689573353906474,0.2
gru_residual,7,500,6.430393709009425e-08,0.1617829203509368,0.2
gru_residual,7,525,5.9077334375921865e-08,0.15506415093881631,0.2
gru_residual,7,550,5.438348759582616e-08,0.14875713774652818,0.2
gru_residual,7,575,5.015291634751099e-08,0.14282322457779467,0.2
gru_residual,7,600,4.632814084480726e-08,0.13723059306487267,0.2
gru_residual,7,625,4.286080930384482e-08,0.13195148589947198,0.2
gru_residual,7,650,3.9709994360960147e-08,0.12696095935074975,0.2
gru_residual,7,675,3.684077836803552e-08,0.12223828528748668,0.2
gru_residual,7,700,3.4223021895282946e-08,0.11776376777435542,0.2
gru_residual,7,725,3.183062567101913e-08,0.11352078832534479,0.2
gru_residual,7,750,2.9641864284728257e-08,0.10950145731308608,0.2
gru_residual,7,775,2.8497116780719334e-08,0.10743148747978204,0.2
gru_residual,7,800,2.582364213723071e-08,0.10203542153750383,0.2
gru_residual,7,825,2.4098152333386468e-08,0.09858535350777013,0.2
gru_residual,7,850,2.2539568734011716e-08,0.0952816627079761,0.2
gru_residual,7,875,2.1104183950155146e-08,0.09214790011960312,0.2
gru_residual,7,900,2.1064030558353318e-08,0.09024895624890983,0.2
gru_residual,7,925,1.8660502426799415e-08,0.08643180423010072,0.2
gru_residual,7,950,1.7436078306226458e-08,0.08360598953009583,0.2
gru_residual,7,975,1.6383399825155995e-08,0.08099288267658795,0.2
gru_residual,7,1000,1.824837406207151e-08,0.08487523182385773,0.2
gru_residual,19,1,0.004751459569145716,34.23946726978804,0.2
gru_residual,19,25,3.8720414252923924e-05,3.416082861299549,0.2
gru_residual,19,50,4.775916528339437e-06,1.2133677156563456,0.2
gru_residual,19,75,1.4880060672669205e-06,0.6924235493999428,0.2
gru_residual,19,100,9.05230523415042e-07,0.5468680341297837,0.2
gru_residual,19,125,6.446751920354842e-07,0.466362564388827,0.2
gru_residual,19,150,4.861817293008845e-07,0.4083017629281993,0.2
gru_residual,19,175,3.789225501031509e-07,0.36340149264934163,0.2
gru_residual,19,200,3.0272461488980304e-07,0.32724666723432344,0.2
gru_residual,19,225,2.4676139958766385e-07,0.2975110717661511,0.2
gru_residual,19,250,2.0455818945655266e-07,0.2726086266323596,0.2
gru_residual,19,275,1.7201896855643385e-07,0.2514532440552885,0.2
gru_residual,19,300,1.4645111914813765e-07,0.23326315117672342,0.2
gru_residual,19,325,1.2603055655996713e-07,0.21746106370493962,0.2
gru_residual,19,350,1.0949002557541981e-07,0.2036126358254659,0.2
gru_residual,19,375,9.592854735177626e-08,0.19138593326925413,0.2
gru_residual,19,400,8.469150186487888e-08,0.18052221703601956,0.2
gru_residual,19,425,7.52938432270685e-08,0.1708166233711449,0.2
gru_residual,19,450,6.736952892458711e-08,0.16210341479640455,0.2
gru_residual,19,475,6.063764845117691e-08,0.154246450784343,0.2
gru_residual,19,500,5.4879481648579384e-08,0.1471338193553752,0.2
gru_residual,19,525,4.992247695331928e-08,0.14066948767058177,0.2
gru_residual,19,550,4.5629261767457416e-08,0.13477342911156842,0.2
gru_residual,19,575,4.1888836504222824e-08,0.12937658681833347,0.2
gru_residual,19,600,3.861181013463201e-08,0.12441870047007376,0.2
gru_residual,19,625,3.572470962842031e-08,0.11984871254524868,0.2
gru_residual,19,650,3.3167475848548366e-08,0.11562156201915406,0.2
gru_residual,19,675,3.089067900221712e-08,0.11169835361708069,0.2
gru_residual,19,700,2.8853270109670104e-08,0.10804548972028058,0.2
gru_residual,19,725,2.7021285689632275e-08,0.10463302559539145,0.2
gru_residual,19,750,2.5366364132747206e-08,0.10143575207091135,0.2
gru_residual,19,775,2.3864861298214107e-08,0.0984309888092938,0.2
gru_residual,19,800,2.2496929368897903e-08,0.09559962028268316,0.2
gru_residual,19,825,2.1245870311213072e-08,0.09292460352316072,0.2
gru_residual,19,850,2.0097528964009442e-08,0.0903915180995576,0.2
gru_residual,19,875,1.9040035224230292e-08,0.08798696944593588,0.2
gru_residual,19,900,1.8063201660083626e-08,0.08569981390641758,0.2
gru_residual,19,925,1.7158344124633074e-08,0.08352048283547814,0.2
gru_residual,19,950,1.631803772610372e-08,0.08144012459722046,0.2
gru_residual,19,975,1.553584249464022e-08,0.07945134276619949,0.2
gru_residual,19,1000,1.480624414025127e-08,0.07754721621833284,0.2
gru_residual,31,1,0.004854625098202155,35.473619122385536,0.2
gru_residual,31,25,4.417975117651522e-05,3.6745241913841546,0.2
gru_residual,31,50,4.600542191062237e-06,1.2186502503454568,0.2
gru_residual,31,75,1.3242873274884217e-06,0.6524735931048169,0.2
gru_residual,31,100,7.12688540134814e-07,0.48570123633462225,0.2
gru_residual,31,125,4.7459487491815414e-07,0.4028914550703088,0.2
gru_residual,31,150,3.424006251062065e-07,0.3472403395827751,0.2
gru_residual,31,175,2.590073913389024e-07,0.3057951878835732,0.2
gru_residual,31,200,2.0314535091297495e-07,0.2739306495972483,0.2
gru_residual,31,225,1.6413790704198355e-07,0.24876376522501556,0.2
gru_residual,31,250,1.3598552688189906e-07,0.22844172211953837,0.2
gru_residual,31,275,1.1508496506365488e-07,0.2117292516565378,0.2
gru_residual,31,300,9.916692322847453e-08,0.19774978120070566,0.2
gru_residual,31,325,8.675224701888382e-08,0.18586227497522392,0.2
gru_residual,31,350,7.685056596251676e-08,0.17559509590237865,0.2
gru_residual,31,375,6.878641231612678e-08,0.1665969315503436,0.2
gru_residual,31,400,6.210861857023707e-08,0.1586552452959387,0.2
gru_residual,31,425,5.655175915970712e-08,0.15159806917535246,0.2
gru_residual,31,450,5.158463300109528e-08,0.1449531169479321,0.2
gru_residual,31,475,4.7369492164768366e-08,0.13893663801652148,0.2
gru_residual,31,500,4.366468287413048e-08,0.13343288585691898,0.2
gru_residual,31,525,4.038185062300829e-08,0.12833097152139583,0.2
gru_residual,31,550,3.745054525444403e-08,0.12357950872008625,0.2
gru_residual,31,575,3.48176483001359e-08,0.11913885370423351,0.2
gru_residual,31,600,3.244146177832245e-08,0.11497685869332874,0.2
gru_residual,31,625,3.0288510443085976e-08,0.11106762088385431,0.2
gru_residual,31,650,2.833151203688361e-08,0.10738887342449235,0.2
gru_residual,31,675,2.83761423691019e-08,0.10884638583704129,0.2
gru_residual,31,700,2.508815819232834e-08,0.10118754699915893,0.2
gru_residual,31,725,2.342695774522079e-08,0.09756984092659038,0.2
gru_residual,31,750,2.2057203184039552e-08,0.09463722905837746,0.2
gru_residual,31,775,2.0797889142675818e-08,0.09186246103890416,0.2
gru_residual,31,800,1.963885862481966e-08,0.08923595315008673,0.2
gru_residual,31,825,1.856969015167037e-08,0.08674339798084596,0.2
gru_residual,31,850,1.7581809886915017e-08,0.0843754789065351,0.2
gru_residual,31,875,1.6667497409811354e-08,0.08212370518566907,0.2
gru_residual,31,900,1.5819971353236055e-08,0.07998005146823291,0.2
gru_residual,31,925,1.6659152020382706e-08,0.0843568128639738,0.2
gru_residual,31,950,1.4513468274481989e-08,0.07706953036096782,0.2
gru_residual,31,975,1.3630631981471091e-08,0.07419812151327032,0.2
gru_residual,31,1000,1.2986036496480806e-08,0.07235172031493348,0.2
jepa_residual,7,1,0.049761591365004715,39.19112497599677,0.2
jepa_residual,7,25,0.008936214895975509,12.631293678680665,0.2
jepa_residual,7,50,0.002027340912737568,4.282252289106857,0.2
jepa_residual,7,75,0.0009772361902979025,1.9390064530817517,0.2
jepa_residual,7,100,0.0007696288937007779,1.2063247602856961,0.2
jepa_residual,7,125,0.0005613696780796555,0.6046663805501653,0.2
jepa_residual,7,150,0.0006359738441814154,0.4573552209180451,0.2
jepa_residual,7,175,0.0003593350429145717,0.5491301993824712,0.2
jepa_residual,7,200,0.00045520254342448747,0.4332599018701571,0.2
jepa_residual,7,225,0.0007171844137898054,0.636668588954678,0.2
jepa_residual,7,250,0.0008361195114183853,0.5896376964698836,0.2
jepa_residual,7,275,0.0006001692198493942,0.625349626326944,0.2
jepa_residual,7,300,0.00032365988914901886,0.4548300992925167,0.2
jepa_residual,7,325,0.00034671082345785466,0.5416095805892738,0.2
jepa_residual,7,350,0.00017549621618782917,0.30977987269261764,0.2
jepa_residual,7,375,0.00024459760892140537,0.44356740704952713,0.2
jepa_residual,7,400,0.0003515535534903893,0.5656999482423039,0.2
jepa_residual,7,425,0.0003077730972249101,0.4723396710919649,0.2
jepa_residual,7,450,0.0002066049250973677,0.39231652245867454,0.2
jepa_residual,7,475,0.0003078487743646131,0.44931502205837787,0.2
jepa_residual,7,500,0.00033149736294561154,0.5612233454277847,0.2
jepa_residual,7,525,0.0004215535375410039,0.4399750707590944,0.2
jepa_residual,7,550,0.00033802174197865374,0.4589479225648473,0.2
jepa_residual,7,575,0.0004443384551552241,0.46706287376281597,0.2
jepa_residual,7,600,0.0002369798158361051,0.4647661065808893,0.2
jepa_residual,7,625,0.0003103597318520102,0.4660611222459845,0.2
jepa_residual,7,650,0.00028652191392574674,0.613109093107903,0.2
jepa_residual,7,675,0.00015434039803525874,0.36517684197624345,0.2
jepa_residual,7,700,0.00035734062449546,0.5286025808899526,0.2
jepa_residual,7,725,0.00027459449169281013,0.622441456547814,0.2
jepa_residual,7,750,0.000287497647799416,0.5271172566717942,0.2
jepa_residual,7,775,0.00026731713282168425,0.5763563710629775,0.2
jepa_residual,7,800,0.0003390839205042739,0.4669253849814682,0.2
jepa_residual,7,825,0.00025162389008442015,0.4124726837731077,0.2
jepa_residual,7,850,0.00036598451843107273,0.552645638148151,0.2
jepa_residual,7,875,0.0002269345701355266,0.4653734632519453,0.2
jepa_residual,7,900,0.00026242565714503484,0.5025731754937924,0.2
jepa_residual,7,925,0.0003323427729034206,0.5590743548433466,0.2
jepa_residual,7,950,0.00026761221998282023,0.45172998421264954,0.2
jepa_residual,7,975,0.00028413409449032476,0.49612733410684656,0.2
jepa_residual,7,1000,0.00018602947794211537,0.4966769883813204,0.2
jepa_residual,19,1,0.04617916256853272,35.757914172864,0.2
jepa_residual,19,25,0.013282161656520438,9.393051687620726,0.2
jepa_residual,19,50,0.0019505159402774827,4.132124596319453,0.2
jepa_residual,19,75,0.0009733710651307448,2.124330042375376,0.2
jepa_residual,19,100,0.0010410360756251023,1.0700102864699017,0.2
jepa_residual,19,125,0.0012275031122322396,1.0260331496884263,0.2
jepa_residual,19,150,0.0007306616710589147,0.8564110801475271,0.2
jepa_residual,19,175,0.0005904805842306894,0.5401773942582205,0.2
jepa_residual,19,200,0.00047434054937985223,0.7849188572695593,0.2
jepa_residual,19,225,0.0006638346283404121,0.8493831558301478,0.2
jepa_residual,19,250,0.000446119066455196,1.085390334443802,0.2
jepa_residual,19,275,0.0006902017234363355,0.9822788247213029,0.2
jepa_residual,19,300,0.0005695703581182023,0.9146135954359708,0.2
jepa_residual,19,325,0.0004382585745343147,0.9809301217662247,0.2
jepa_residual,19,350,0.00036194991797939804,0.9233627021155996,0.2
jepa_residual,19,375,0.00036191455070490867,1.224855107105041,0.2
jepa_residual,19,400,0.0004393658432483999,0.7347008272260803,0.2
jepa_residual,19,425,0.00044371269437496586,0.8287651958743967,0.2
jepa_residual,19,450,0.00032057765876255715,0.8898262696515987,0.2
jepa_residual,19,475,0.0003576307052671429,0.6439667203627015,0.2
jepa_residual,19,500,0.0002669926983357057,0.9102135793276892,0.2
jepa_residual,19,525,0.0003629775185290246,0.7094928781755709,0.2
jepa_residual,19,550,0.0003564574413506819,0.757639713570313,0.2
jepa_residual,19,575,0.00033670259544594323,1.0382139525724794,0.2
jepa_residual,19,600,0.00043866241578135545,0.7729415044740798,0.2
jepa_residual,19,625,0.0003414009953324748,0.8403879871771286,0.2
jepa_residual,19,650,0.0006232976226630157,0.7743979845939509,0.2
jepa_residual,19,675,0.00037219103594452135,1.0666979539969783,0.2
jepa_residual,19,700,0.00028267806231006473,1.0194696169787771,0.2
jepa_residual,19,725,0.0006078528057116898,0.7237282531385839,0.2
jepa_residual,19,750,0.0005673845123197697,0.7839908380177766,0.2
jepa_residual,19,775,0.0004201292070601547,0.5920280579527142,0.2
jepa_residual,19,800,0.0003244613453503008,0.6549315155324219,0.2
jepa_residual,19,825,0.00034232042275702135,0.6342846117373849,0.2
jepa_residual,19,850,0.0003897204077657485,0.6664529804006528,0.2
jepa_residual,19,875,0.0003107859225388929,0.9157337070200833,0.2
jepa_residual,19,900,0.00034398967268008427,0.7342813045423691,0.2
jepa_residual,19,925,0.00034172299398671735,0.5344899808889421,0.2
jepa_residual,19,950,0.0003815548587199274,0.6320343070049993,0.2
jepa_residual,19,975,0.00030443771592478713,0.6336357712149666,0.2
jepa_residual,19,1000,0.0003341739866565599,0.6412047190103867,0.2
jepa_residual,31,1,0.04802593435664589,37.14079767835018,0.2
jepa_residual,31,25,0.009149643311294873,14.403967156178513,0.2
jepa_residual,31,50,0.001497895162065263,4.711234736713353,0.2
jepa_residual,31,75,0.0006476047076371678,2.196059078245016,0.2
jepa_residual,31,100,0.0005733666830550923,1.2050739795083953,0.2
jepa_residual,31,125,0.0006838694539653326,0.932742206161669,0.2
jepa_residual,31,150,0.00040361242409542775,0.7151284454991135,0.2
jepa_residual,31,175,0.0006089682526758109,0.8620407973789755,0.2
jepa_residual,31,200,0.0007659741673856807,0.709854878500431,0.2
jepa_residual,31,225,0.0003937785281676562,0.6865006729553682,0.2
jepa_residual,31,250,0.0004757550511640357,0.834671289913906,0.2
jepa_residual,31,275,0.0005407161972299278,1.0949797189384387,0.2
jepa_residual,31,300,0.00035842989047222504,1.1878011059973168,0.2
jepa_residual,31,325,0.00038058228605916927,0.8244883059889864,0.2
jepa_residual,31,350,0.0003448879992512116,0.4773996476360186,0.2
jepa_residual,31,375,0.00030236729919664603,0.6271517515599918,0.2
jepa_residual,31,400,0.0002516407723827339,0.4173884984344125,0.2
jepa_residual,31,425,0.0003325343119914235,0.6385038590204557,0.2
jepa_residual,31,450,0.0002488633625679837,0.366738651408959,0.2
jepa_residual,31,475,0.00019452388738069317,0.49281913411165895,0.2
jepa_residual,31,500,0.00027207947626479344,0.6032796450702607,0.2
jepa_residual,31,525,0.0002450222527189368,0.7646875995034276,0.2
jepa_residual,31,550,0.0002764965656292254,0.4939354131347077,0.2
jepa_residual,31,575,0.0003019503718808676,0.5546409085664034,0.2
jepa_residual,31,600,0.00035850739206067867,0.7412284484290591,0.2
jepa_residual,31,625,0.00042472064817166463,0.8156223922362614,0.2
jepa_residual,31,650,0.0003236519165760706,0.5593666344471201,0.2
jepa_residual,31,675,0.0002907385260516503,0.6793000236332893,0.2
jepa_residual,31,700,0.00025345429345336427,0.6621263119158759,0.2
jepa_residual,31,725,0.00037204456510880245,0.8340237735760049,0.2
jepa_residual,31,750,0.0002763108371647836,0.7815450139093728,0.2
jepa_residual,31,775,0.0002559833824337381,1.0697789025273694,0.2
jepa_residual,31,800,0.00031073490924801646,0.7881505437791771,0.2
jepa_residual,31,825,0.0003471641373304426,1.015237650131259,0.2
jepa_residual,31,850,0.0003212918001432561,0.9971182836301862,0.2
jepa_residual,31,875,0.0002693681508710492,0.7337144642533795,0.2
jepa_residual,31,900,0.0002482367859892716,0.6446629277354147,0.2
jepa_residual,31,925,0.00033213402817276126,1.0402621626238744,0.2
jepa_residual,31,950,0.00032927972536551546,0.7207847783879942,0.2
jepa_residual,31,975,0.000596201097058109,1.1093425830892816,0.2
jepa_residual,31,1000,0.00028947764678271225,1.9570762913939488,0.2
gru_residual,7,1,0.0045421903098889,34.34061229578778,0.5
gru_residual,7,25,4.623550153671315e-05,3.778849723516337,0.5
gru_residual,7,50,4.889982170209068e-06,1.2532151551568596,0.5
gru_residual,7,75,1.2995787435886497e-06,0.6606558605403992,0.5
gru_residual,7,100,7.768490422751985e-07,0.5238854112327109,0.5
gru_residual,7,125,5.754308675143389e-07,0.45798706241953124,0.5
gru_residual,7,150,4.5888446533722466e-07,0.4142443697914374,0.5
gru_residual,7,175,3.819236858872831e-07,0.3816897456394677,0.5
gru_residual,7,200,3.2768299594268525e-07,0.3561587518110694,0.5
gru_residual,7,225,2.875554701716551e-07,0.3355005798282818,0.5
gru_residual,7,250,2.5660657180473664e-07,0.3182410802707058,0.5
gru_residual,7,275,2.3187356161529775e-07,0.3034224700490806,0.5
gru_residual,7,300,2.115182076340267e-07,0.29041516387835414,0.5
gru_residual,7,325,1.9436423293380914e-07,0.2787957007593044,0.5
gru_residual,7,350,1.7963372016344856e-07,0.26827344970646905,0.5
gru_residual,7,375,1.6679313446808392e-07,0.2586434672933478,0.5
gru_residual,7,400,1.5546400814127882e-07,0.24975533026354407,0.5
gru_residual,7,425,1.4536872995774844e-07,0.2414952253718995,0.5
gru_residual,7,450,1.362984467109415e-07,0.23377548555932534,0.5
gru_residual,7,475,1.2809255055842335e-07,0.2265267778914425,0.5
gru_residual,7,500,1.2062526562466215e-07,0.2196939908049465,0.5
gru_residual,7,525,1.1379654790262626e-07,0.21323125251397146,0.5
gru_residual,7,550,1.0752573243338e-07,0.20710201829558775,0.5
gru_residual,7,575,1.0174687939277531e-07,0.2012756315269128,0.5
gru_residual,7,600,9.640603055843892e-08,0.19572666678571002,0.5
gru_residual,7,625,9.145784656785729e-08,0.19043313693251868,0.5
gru_residual,7,650,8.686418598418648e-08,0.18537801610942953,0.5
gru_residual,7,675,8.259282475132508e-08,0.1805455175690928,0.5
gru_residual,7,700,7.861600322097551e-08,0.1759231922536054,0.5
gru_residual,7,725,7.490980347406093e-08,0.17149981639071482,0.5
gru_residual,7,750,7.145314263682368e-08,0.16726598766696768,0.5
gru_residual,7,775,6.82277357697027e-08,0.16321364066434438,0.5
gru_residual,7,800,6.521715029384852e-08,0.1593360509792022,0.5
gru_residual,7,825,6.24069876184524e-08,0.1556271664609683,0.5
gru_residual,7,850,5.978402316817482e-08,0.15208149869581722,0.5
gru_residual,7,875,5.733640321803286e-08,0.14869469178537578,0.5
gru_residual,7,900,5.5053322906320516e-08,0.14546235294247373,0.5
gru_residual,7,925,5.2924706837902254e-08,0.14238058138901252,0.5
gru_residual,7,950,5.094147417229436e-08,0.13944576644255388,0.5
gru_residual,7,975,4.909491797695371e-08,0.13665473040409698,0.5
gru_residual,7,1000,4.737706019220688e-08,0.13400387762665905,0.5
gru_residual,19,1,0.004739941255395353,34.169416140017034,0.5
gru_residual,19,25,3.950236576057643e-05,3.4357063247969335,0.5
gru_residual,19,50,4.9912394306538856e-06,1.2399363242649721,0.5
gru_residual,19,75,1.5781234452213973e-06,0.7172064573174532,0.5
gru_residual,19,100,9.845566294744045e-07,0.5750410252404231,0.5
gru_residual,19,125,7.215379546577845e-07,0.497026819626419,0.5
gru_residual,19,150,5.607026453113216e-07,0.44261307633470004,0.5
gru_residual,19,175,4.5129865649183664e-07,0.4006001436488086,0.5
gru_residual,19,200,3.731467698506025e-07,0.3672132891841531,0.5
gru_residual,19,225,3.153709549139114e-07,0.34000776195392857,0.5
gru_residual,19,250,2.7146196680274817e-07,0.3174515636001897,0.5
gru_residual,19,275,2.373027994781603e-07,0.2984584527108726,0.5
gru_residual,19,300,2.1018723720575408e-07,0.28225782501486446,0.5
gru_residual,19,325,1.8828383910555843e-07,0.2682813698609179,0.5
gru_residual,19,350,1.703188488278505e-07,0.25610454138889327,0.5
gru_residual,19,375,1.5538699932802683e-07,0.2454024309352358,0.5
gru_residual,19,400,1.4283006005618906e-07,0.23592456850672672,0.5
gru_residual,19,425,1.3215947250561115e-07,0.22747176151428314,0.5
gru_residual,19,450,1.230062577375695e-07,0.2198854456518867,0.5
gru_residual,19,475,1.1508661722347096e-07,0.21303599397138245,0.5
gru_residual,19,500,1.0817915317667606e-07,0.2068170102204975,0.5
gru_residual,19,525,1.0210899301368905e-07,0.20113948421938893,0.5
gru_residual,19,550,9.673631393539479e-08,0.19592991505741156,0.5
gru_residual,19,575,9.194835350825588e-08,0.1911250795576453,0.5
gru_residual,19,600,8.76536043334617e-08,0.1866724398033072,0.5
gru_residual,19,625,8.37771481018933e-08,0.18252688798120198,0.5
gru_residual,19,650,8.025756946330397e-08,0.17864982158593157,0.5
gru_residual,19,675,7.704389504717831e-08,0.17500864372412683,0.5
gru_residual,19,700,7.409446065696929e-08,0.17157559631438854,0.5
gru_residual,19,725,7.137414226771645e-08,0.16832699613046045,0.5
gru_residual,19,750,6.885392678174576e-08,0.16524273284177088,0.5
gru_residual,19,775,6.650967660681002e-08,0.1623055147360754,0.5
gru_residual,19,800,6.432092173762967e-08,0.15950078798376685,0.5
gru_residual,19,825,6.227055642945834e-08,0.1568159758494187,0.5
gru_residual,19,850,6.034426634764182e-08,0.15424068164797625,0.5
gru_residual,19,875,5.8529869764524616e-08,0.15176585974042758,0.5
gru_residual,19,900,5.681705254745863e-08,0.14938407292061556,0.5
gru_residual,19,925,5.5196945512026725e-08,0.14708854809908153,0.5
gru_residual,19,950,5.366220220567668e-08,0.14487413256408196,0.5
gru_residual,19,975,5.2206250389177756e-08,0.14273605182547433,0.5
gru_residual,19,1000,5.0823511886308904e-08,0.14067042409876548,0.5
gru_residual,31,1,0.004851787764995058,35.455064971937254,0.5
gru_residual,31,25,4.362312580789573e-05,3.6582837910821877,0.5
gru_residual,31,50,4.69898356619464e-06,1.225668830967699,0.5
gru_residual,31,75,1.3783492844302235e-06,0.6695682552324166,0.5
gru_residual,31,100,7.676725117184365e-07,0.511470964526641,0.5
gru_residual,31,125,5.342600084918552e-07,0.43482729565726547,0.5
gru_residual,31,150,4.04705511108542e-07,0.3845065847070303,0.5
gru_residual,31,175,3.22801522498313e-07,0.34764217491303645,0.5
gru_residual,31,200,2.676556925954125e-07,0.31980305561483374,0.5
gru_residual,31,225,2.2882508753880047e-07,0.29812797861755735,0.5
gru_residual,31,250,2.004669190940508e-07,0.2807987480630386,0.5
gru_residual,31,275,1.7909036339384974e-07,0.26664013617050847,0.5
gru_residual,31,300,1.625077277118684e-07,0.2548347850786641,0.5
gru_residual,31,325,1.4929948418661483e-07,0.24479968180741432,0.5
gru_residual,31,350,1.3851848266744052e-07,0.23611555495544279,0.5
gru_residual,31,375,1.2951976956557122e-07,0.22847836195339383,0.5
gru_residual,31,400,1.2185664146820463e-07,0.2216639936583653,0.5
gru_residual,31,425,1.185483091255235e-07,0.2194799791633343,0.5
gru_residual,31,450,1.0963926168394823e-07,0.2098962154123775,0.5
gru_residual,31,475,1.0419120733481258e-07,0.2047169419330105,0.5
gru_residual,31,500,9.947834012051484e-08,0.19991457895496073,0.5
gru_residual,31,525,9.522095500567169e-08,0.19543738000273395,0.5
gru_residual,31,550,9.132731216961635e-08,0.19123874765705187,0.5
gru_residual,31,575,8.774561266526417e-08,0.18728567469901236,0.5
gru_residual,31,600,8.443494511570737e-08,0.1835514902240534,0.5
gru_residual,31,625,8.13621918943697e-08,0.18001285726820856,0.5
gru_residual,31,650,7.849990730404936e-08,0.176650658019361,0.5
gru_residual,31,675,7.582648808805117e-08,0.1734535918269935,0.5
gru_residual,31,700,7.454534014018825e-08,0.17076839545501488,0.5
gru_residual,31,725,7.106633284390265e-08,0.16755087470728436,0.5
gru_residual,31,750,6.894659372056174e-08,0.1647808044136055,0.5
gru_residual,31,775,6.667035236094339e-08,0.16203343215306773,0.5
gru_residual,31,800,6.467864675469102e-08,0.15940136879317812,0.5
gru_residual,31,825,6.337592261868041e-08,0.1575892936648154,0.5
gru_residual,31,850,6.10342723388278e-08,0.1544736963521924,0.5
gru_residual,31,875,5.931918217418499e-08,0.1521307399387523,0.5
gru_residual,31,900,5.770254902469943e-08,0.14989292342339963,0.5
gru_residual,31,925,5.808629542960481e-08,0.15038612136218085,0.5
gru_residual,31,950,5.473465442296267e-08,0.14565787670948463,0.5
gru_residual,31,975,5.3303804570988605e-08,0.14351426118269456,0.5
gru_residual,31,1000,5.193724689185815e-08,0.14151528950791384,0.5
jepa_residual,7,1,0.049769204627233686,39.225525049206354,0.5
jepa_residual,7,25,0.00896597666250006,12.643059249369053,0.5
jepa_residual,7,50,0.0020061180775661053,4.238760040977388,0.5
jepa_residual,7,75,0.0009269572439568538,1.973702672760393,0.5
jepa_residual,7,100,0.0008342055077288558,1.1413208012611067,0.5
jepa_residual,7,125,0.0005775986503528824,0.9155749424169966,0.5
jepa_residual,7,150,0.00045899931726165014,0.6232194460538102,0.5
jepa_residual,7,175,0.00033834530189383874,0.44037612551333954,0.5
jepa_residual,7,200,0.0004607638069718432,0.49482655567414446,0.5
jepa_residual,7,225,0.0003850813682190637,0.49950502804249236,0.5
jepa_residual,7,250,0.0003026398861595534,0.762442887941797,0.5
jepa_residual,7,275,0.00025621884062636025,0.48456409906045894,0.5
jepa_residual,7,300,0.00045384746191134956,0.6836862433499398,0.5
jepa_residual,7,325,0.00029529909247166526,0.7074341729457989,0.5
jepa_residual,7,350,0.0005724960361491664,0.7035210156928031,0.5
jepa_residual,7,375,0.0002890837542214584,0.6339357196297302,0.5
jepa_residual,7,400,0.00026113019433242075,0.5118289606607478,0.5
jepa_residual,7,425,0.0003837712817024771,0.4122128045978344,0.5
jepa_residual,7,450,0.00021033929321110563,0.43480043500002635,0.5
jepa_residual,7,475,0.00021310388354589164,0.5743718797275668,0.5
jepa_residual,7,500,0.00028996933965493065,0.5726660745464909,0.5
jepa_residual,7,525,0.0002907360460655447,0.5266456121734006,0.5
jepa_residual,7,550,0.0003190300673264366,0.46892630714611727,0.5
jepa_residual,7,575,0.0004463114905868772,0.5919224387762712,0.5
jepa_residual,7,600,0.00027008206557732617,0.5211140139967847,0.5
jepa_residual,7,625,0.00022863182917088094,0.4942488161013412,0.5
jepa_residual,7,650,0.0003294198539422733,0.6205134964390003,0.5
jepa_residual,7,675,0.0003204340947664422,0.5852961478977418,0.5
jepa_residual,7,700,0.0003225874567876981,0.4288324731889778,0.5
jepa_residual,7,725,0.00028586195184990027,0.5658131015265444,0.5
jepa_residual,7,750,0.000293614495452364,0.5058654962369599,0.5
jepa_residual,7,775,0.0002851835662081799,0.5788147290375254,0.5
jepa_residual,7,800,0.0002257300671944461,0.5656466387847588,0.5
jepa_residual,7,825,0.00032552059863855343,0.501057149739937,0.5
jepa_residual,7,850,0.00020756498520461015,0.48394899084063553,0.5
jepa_residual,7,875,0.00020554930473026478,0.4791066578694374,0.5
jepa_residual,7,900,0.00025548252640816203,0.49888462988792465,0.5
jepa_residual,7,925,0.000175081244072108,0.4317811379630597,0.5
jepa_residual,7,950,0.0002573019450757536,0.5058164264062338,0.5
jepa_residual,7,975,0.00021137968847659,0.4038950283745651,0.5
jepa_residual,7,1000,0.00024173106802171345,0.45455080982165946,0.5
jepa_residual,19,1,0.04619591899218877,35.828637207687564,0.5
jepa_residual,19,25,0.013346556866276067,9.44241092114938,0.5
jepa_residual,19,50,0.001998199716237864,4.692649064430648,0.5
jepa_residual,19,75,0.0009487091709408857,2.2021605539274165,0.5
jepa_residual,19,100,0.0008130111303747121,1.271716382146807,0.5
jepa_residual,19,125,0.0007104892221795659,0.8219741435372742,0.5
jepa_residual,19,150,0.000809907450235291,0.6837797729067127,0.5
jepa_residual,19,175,0.0005383013706633618,1.3733113013170026,0.5
jepa_residual,19,200,0.0006205880601794215,1.0487718415965517,0.5
jepa_residual,19,225,0.0004764607814336751,0.6857758006026419,0.5
jepa_residual,19,250,0.000430291293666737,1.0222705333825222,0.5
jepa_residual,19,275,0.0005374886008105343,0.9027919610404436,0.5
jepa_residual,19,300,0.0004985425112283536,1.5500050608592106,0.5
jepa_residual,19,325,0.0005183366248627722,0.953529039300328,0.5
jepa_residual,19,350,0.0006095002346256954,0.7841877774055,0.5
jepa_residual,19,375,0.00045529528149834323,1.030008723900109,0.5
jepa_residual,19,400,0.0005101081529626089,0.9847842375744037,0.5
jepa_residual,19,425,0.00025152243950352587,0.7069037060443849,0.5
jepa_residual,19,450,0.00043937355830597037,0.9448591691224361,0.5
jepa_residual,19,475,0.00034173052775020925,0.8374238684446925,0.5
jepa_residual,19,500,0.000828145761784025,1.0414897072600133,0.5
jepa_residual,19,525,0.00039108765202005403,0.774580558069811,0.5
jepa_residual,19,550,0.00036970016198128964,0.8235865441102804,0.5
jepa_residual,19,575,0.0007153455677309921,0.7272183262147228,0.5
jepa_residual,19,600,0.00044918155985720784,0.6717798869395101,0.5
jepa_residual,19,625,0.0004395270186057005,0.7402198785960858,0.5
jepa_residual,19,650,0.0003285163795488717,0.7134828689130006,0.5
jepa_residual,19,675,0.00034903477511170623,0.9405114142283264,0.5
jepa_residual,19,700,0.0004436851398812824,0.7880804131536423,0.5
jepa_residual,19,725,0.0003438781937163364,0.9246938264996227,0.5
jepa_residual,19,750,0.0005222781119714125,0.8797854968485401,0.5
jepa_residual,19,775,0.0006982659688274642,0.5942013586616345,0.5
jepa_residual,19,800,0.00023045292945718946,0.8674188160675225,0.5
jepa_residual,19,825,0.00032212310188165004,0.5739693594460274,0.5
jepa_residual,19,850,0.0002924155794902911,0.609183778657746,0.5
jepa_residual,19,875,0.00048523424680533954,0.6445288840982606,0.5
jepa_residual,19,900,0.00040379935472507184,0.6428070115677873,0.5
jepa_residual,19,925,0.0003362049782839619,0.6485078757225486,0.5
jepa_residual,19,950,0.0003585174479600061,0.7433053823192639,0.5
jepa_residual,19,975,0.0003414408534885656,0.5743010967488945,0.5
jepa_residual,19,1000,0.0003176578294119827,0.5729676721278263,0.5
jepa_residual,31,1,0.0480272464065956,37.156592041532996,0.5
jepa_residual,31,25,0.009144665814378594,14.335481827665518,0.5
jepa_residual,31,50,0.0015131602691924619,4.743629271140241,0.5
jepa_residual,31,75,0.0006515662993487568,2.2330416933801307,0.5
jepa_residual,31,100,0.0004945846791251135,1.2018058344506048,0.5
jepa_residual,31,125,0.00047952360972767073,0.9107603248528725,0.5
jepa_residual,31,150,0.0004171714555978755,0.8318005985399869,0.5
jepa_residual,31,175,0.0008258913999186766,0.5625471401242983,0.5
jepa_residual,31,200,0.00045425208155787356,0.8454433596793387,0.5
jepa_residual,31,225,0.00034960940576647675,0.5847503873574017,0.5
jepa_residual,31,250,0.0003359554648518223,0.5419651507511656,0.5
jepa_residual,31,275,0.0004498769448742052,0.5993767968681466,0.5
jepa_residual,31,300,0.00034831086900849413,0.985320520706254,0.5
jepa_residual,31,325,0.00021983536608821694,0.8261691198656366,0.5
jepa_residual,31,350,0.00022528795010823234,0.7770075966349689,0.5
jepa_residual,31,375,0.00043338101164793234,0.9318919684470244,0.5
jepa_residual,31,400,0.00035887998837595046,0.7963734726664914,0.5
jepa_residual,31,425,0.0002572903152330083,0.7872279641241177,0.5
jepa_residual,31,450,0.0002640209171695354,0.6231449719633354,0.5
jepa_residual,31,475,0.00026170423473879717,0.6155511066137093,0.5
jepa_residual,31,500,0.00027469598205942763,0.6035344731834563,0.5
jepa_residual,31,525,0.00030725234594873406,0.8561593758719701,0.5
jepa_residual,31,550,0.00028847588442575936,0.7278540400131424,0.5
jepa_residual,31,575,0.00024130470979940536,0.8002116673622983,0.5
jepa_residual,31,600,0.0004153766724164342,0.899232663431304,0.5
jepa_residual,31,625,0.0003065545110375345,0.5403159103760947,0.5
jepa_residual,31,650,0.0002977660619877326,0.830820896874001,0.5
jepa_residual,31,675,0.00031298442069438085,0.9311182091838671,0.5
jepa_residual,31,700,0.0002087092208788639,0.6639248496163581,0.5
jepa_residual,31,725,0.00027626094070379883,0.8313506324167625,0.5
jepa_residual,31,750,0.0004643444942560299,1.1969851599377923,0.5
jepa_residual,31,775,0.000284723792233918,0.5821852563476934,0.5
jepa_residual,31,800,0.00020622061659035184,0.6429622002029327,0.5
jepa_residual,31,825,0.0004482087150488443,1.047951602958514,0.5
jepa_residual,31,850,0.00032886330217657156,0.8662281276738675,0.5
jepa_residual,31,875,0.00028099598358576056,0.8013718850642506,0.5
jepa_residual,31,900,0.00030635762225133964,0.7865686885075611,0.5
jepa_residual,31,925,0.0003734302993070697,1.2159453272092389,0.5
jepa_residual,31,950,0.0002849002438741569,0.6516338819058629,0.5
jepa_residual,31,975,0.00035390402347707574,0.7303810747364442,0.5
jepa_residual,31,1000,0.00023297228139445558,0.7664200579470719,0.5
