epsilon,sequence_index,method,control_sensitivity_rad_s_per_control
0,0,rk4_oracle,0.6877517586190152
0,0,nominal_physics,0.6877517586190152
0,0,calibrated_physics,0.6877517586190152
0,1,rk4_oracle,0.7073539194379919
0,1,nominal_physics,0.7073539194379919
0,1,calibrated_physics,0.7073539194379919
0,2,rk4_oracle,0.6705611468760253
0,2,nominal_physics,0.6705611468760253
0,2,calibrated_physics,0.6705611468760253
0,3,rk4_oracle,0.7473800559409938
0,3,nominal_physics,0.7473800559409938
0,3,calibrated_physics,0.7473800559409938
0,4,rk4_oracle,0.7906157162551608
0,4,nominal_physics,0.7906157162551608
0,4,calibrated_physics,0.7906157162551608
0,5,rk4_oracle,0.7990649010025663
0,5,nominal_physics,0.7990649010025663
0,5,calibrated_physics,0.7990649010025663
0,6,rk4_oracle,0.8343687858314297
0,6,nominal_physics,0.8343687858314297
0,6,calibrated_physics,0.8343687858314297
0,7,rk4_oracle,0.7324810013642491
0,7,nominal_physics,0.7324810013642491
0,7,calibrated_physics,0.7324810013642491
0,8,rk4_oracle,0.662824663208994
0,8,nominal_physics,0.662824663208994
0,8,calibrated_physics,0.662824663208994
0,9,rk4_oracle,0.7077401471633493
0,9,nominal_physics,0.7077401471633493
0,9,calibrated_physics,0.7077401471633493
0,10,rk4_oracle,0.653519260822577
0,10,nominal_physics,0.653519260822577
0,10,calibrated_physics,0.653519260822577
0,11,rk4_oracle,0.917595116902703
0,11,nominal_physics,0.917595116902703
0,11,calibrated_physics,0.917595116902703
0,12,rk4_oracle,0.6422803267014388
0,12,nominal_physics,0.6422803267014388
0,12,calibrated_physics,0.6422803267014388
0,13,rk4_oracle,0.7776192995834208
0,13,nominal_physics,0.7776192995834208
0,13,calibrated_physics,0.7776192995834208
0,14,rk4_oracle,0.6771779135306133
0,14,nominal_physics,0.6771779135306133
0,14,calibrated_physics,0.6771779135306133
0,15,rk4_oracle,0.6803947650269038
0,15,nominal_physics,0.6803947650269038
0,15,calibrated_physics,0.6803947650269038
0,16,rk4_oracle,0.6791986135112893
0,16,nominal_physics,0.6791986135112893
0,16,calibrated_physics,0.6791986135112893
0,17,rk4_oracle,0.6803631526963727
0,17,nominal_physics,0.6803631526963727
0,17,calibrated_physics,0.6803631526963727
0,18,rk4_oracle,0.8516446519024612
0,18,nominal_physics,0.8516446519024612
0,18,calibrated_physics,0.8516446519024612
0,19,rk4_oracle,0.6918034273439844
0,19,nominal_physics,0.6918034273439844
0,19,calibrated_physics,0.6918034273439844
0,20,rk4_oracle,0.8197585174229971
0,20,nominal_physics,0.8197585174229971
0,20,calibrated_physics,0.8197585174229971
0,21,rk4_oracle,0.7856451901488981
0,21,nominal_physics,0.7856451901488981
0,21,calibrated_physics,0.7856451901488981
0,22,rk4_oracle,0.7716561589177218
0,22,nominal_physics,0.7716561589177218
0,22,calibrated_physics,0.7716561589177218
0,23,rk4_oracle,0.9318587837015002
0,23,nominal_physics,0.9318587837015002
0,23,calibrated_physics,0.9318587837015002
0,24,rk4_oracle,0.7628416000216021
0,24,nominal_physics,0.7628416000216021
0,24,calibrated_physics,0.7628416000216021
0,25,rk4_oracle,0.7404679485034649
0,25,nominal_physics,0.7404679485034649
0,25,calibrated_physics,0.7404679485034649
0,26,rk4_oracle,0.6667999855380913
0,26,nominal_physics,0.6667999855380913
0,26,calibrated_physics,0.6667999855380913
0,27,rk4_oracle,0.8993544361146633
0,27,nominal_physics,0.8993544361146633
0,27,calibrated_physics,0.8993544361146633
0,28,rk4_oracle,0.8057815892925646
0,28,nominal_physics,0.8057815892925646
0,28,calibrated_physics,0.8057815892925646
0,29,rk4_oracle,0.9019389108289033
0,29,nominal_physics,0.9019389108289033
0,29,calibrated_physics,0.9019389108289033
0.02,0,rk4_oracle,0.8797362903578687
0.02,0,nominal_physics,0.8797362903578687
0.02,0,calibrated_physics,0.8797362903578687
0.02,1,rk4_oracle,0.9212097336330771
0.02,1,nominal_physics,0.9212097336330771
0.02,1,calibrated_physics,0.9212097336330771
0.02,2,rk4_oracle,0.712553567723262
0.02,2,nominal_physics,0.712553567723262
0.02,2,calibrated_physics,0.712553567723262
0.02,3,rk4_oracle,0.8460038702651218
0.02,3,nominal_physics,0.8460038702651218
0.02,3,calibrated_physics,0.8460038702651218
0.02,4,rk4_oracle,0.8360884703506599
0.02,4,nominal_physics,0.8360884703506599
0.02,4,calibrated_physics,0.8360884703506599
0.02,5,rk4_oracle,0.7181475234574464
0.02,5,nominal_physics,0.7181475234574464
0.02,5,calibrated_physics,0.7181475234574464
0.02,6,rk4_oracle,0.8403857771099865
0.02,6,nominal_physics,0.8403857771099865
0.02,6,calibrated_physics,0.8403857771099865
0.02,7,rk4_oracle,0.8038675065336065
0.02,7,nominal_physics,0.8038675065336065
0.02,7,calibrated_physics,0.8038675065336065
0.02,8,rk4_oracle,0.7303835104721657
0.02,8,nominal_physics,0.7303835104721657
0.02,8,calibrated_physics,0.7303835104721657
0.02,9,rk4_oracle,0.7377227177585155
0.02,9,nominal_physics,0.7377227177585155
0.02,9,calibrated_physics,0.7377227177585155
0.02,10,rk4_oracle,0.717858790721948
0.02,10,nominal_physics,0.717858790721948
0.02,10,calibrated_physics,0.717858790721948
0.02,11,rk4_oracle,0.7861542559339796
0.02,11,nominal_physics,0.7861542559339796
0.02,11,calibrated_physics,0.7861542559339796
0.02,12,rk4_oracle,0.7221302251991801
0.02,12,nominal_physics,0.7221302251991801
0.02,12,calibrated_physics,0.7221302251991801
0.02,13,rk4_oracle,0.867654110265903
0.02,13,nominal_physics,0.867654110265903
0.02,13,calibrated_physics,0.867654110265903
0.02,14,rk4_oracle,0.6760917915471509
0.02,14,nominal_physics,0.6760917915471509
0.02,14,calibrated_physics,0.6760917915471509
0.02,15,rk4_oracle,0.7387506798295362
0.02,15,nominal_physics,0.7387506798295362
0.02,15,calibrated_physics,0.7387506798295362
0.02,16,rk4_oracle,0.7808440579992748
0.02,16,nominal_physics,0.7808440579992748
0.02,16,calibrated_physics,0.7808440579992748
0.02,17,rk4_oracle,0.8872317499708515
0.02,17,nominal_physics,0.8872317499708515
0.02,17,calibrated_physics,0.8872317499708515
0.02,18,rk4_oracle,0.7166331403141157
0.02,18,nominal_physics,0.7166331403141157
0.02,18,calibrated_physics,0.7166331403141157
0.02,19,rk4_oracle,0.7567996362922713
0.02,19,nominal_physics,0.7567996362922713
0.02,19,calibrated_physics,0.7567996362922713
0.02,20,rk4_oracle,0.7633419591002166
0.02,20,nominal_physics,0.7633419591002166
0.02,20,calibrated_physics,0.7633419591002166
0.02,21,rk4_oracle,0.8227169161045822
0.02,21,nominal_physics,0.8227169161045822
0.02,21,calibrated_physics,0.8227169161045822
0.02,22,rk4_oracle,0.7390270928908649
0.02,22,nominal_physics,0.7390270928908649
0.02,22,calibrated_physics,0.7390270928908649
0.02,23,rk4_oracle,0.6846363771728647
0.02,23,nominal_physics,0.6846363771728647
0.02,23,calibrated_physics,0.6846363771728647
0.02,24,rk4_oracle,0.6896416709878395
0.02,24,nominal_physics,0.6896416709878395
0.02,24,calibrated_physics,0.6896416709878395
0.02,25,rk4_oracle,0.628672885341075
0.02,25,nominal_physics,0.628672885341075
0.02,25,calibrated_physics,0.628672885341075
0.02,26,rk4_oracle,0.8821484902910015
0.02,26,nominal_physics,0.8821484902910015
0.02,26,calibrated_physics,0.8821484902910015
0.02,27,rk4_oracle,0.962221777740524
0.02,27,nominal_physics,0.962221777740524
0.02,27,calibrated_physics,0.962221777740524
0.02,28,rk4_oracle,0.7180871011769341
0.02,28,nominal_physics,0.7180871011769341
0.02,28,calibrated_physics,0.7180871011769341
0.02,29,rk4_oracle,0.7463754656100718
0.02,29,nominal_physics,0.7463754656100718
0.02,29,calibrated_physics,0.7463754656100718
0.05,0,rk4_oracle,0.9391116492452056
0.05,0,nominal_physics,0.9391116492452056
0.05,0,calibrated_physics,0.9391116492452056
0.05,1,rk4_oracle,0.9577123267945353
0.05,1,nominal_physics,0.9577123267945353
0.05,1,calibrated_physics,0.9577123267945353
0.05,2,rk4_oracle,0.8151866768457694
0.05,2,nominal_physics,0.8151866768457694
0.05,2,calibrated_physics,0.8151866768457694
0.05,3,rk4_oracle,0.8992511061478581
0.05,3,nominal_physics,0.8992511061478581
0.05,3,calibrated_physics,0.8992511061478581
0.05,4,rk4_oracle,0.7514059370805626
0.05,4,nominal_physics,0.7514059370805626
0.05,4,calibrated_physics,0.7514059370805626
0.05,5,rk4_oracle,0.7528342968043944
0.05,5,nominal_physics,0.7528342968043944
0.05,5,calibrated_physics,0.7528342968043944
0.05,6,rk4_oracle,0.7504102529765078
0.05,6,nominal_physics,0.7504102529765078
0.05,6,calibrated_physics,0.7504102529765078
0.05,7,rk4_oracle,0.6890528305802945
0.05,7,nominal_physics,0.6890528305802945
0.05,7,calibrated_physics,0.6890528305802945
0.05,8,rk4_oracle,0.7176260976393678
0.05,8,nominal_physics,0.7176260976393678
0.05,8,calibrated_physics,0.7176260976393678
0.05,9,rk4_oracle,0.6794728182057952
0.05,9,nominal_physics,0.6794728182057952
0.05,9,calibrated_physics,0.6794728182057952
0.05,10,rk4_oracle,0.7564593721554047
0.05,10,nominal_physics,0.7564593721554047
0.05,10,calibrated_physics,0.7564593721554047
0.05,11,rk4_oracle,0.7125592719603446
0.05,11,nominal_physics,0.7125592719603446
0.05,11,calibrated_physics,0.7125592719603446
0.05,12,rk4_oracle,0.9483144953037481
0.05,12,nominal_physics,0.9483144953037481
0.05,12,calibrated_physics,0.9483144953037481
0.05,13,rk4_oracle,0.8915644605167472
0.05,13,nominal_physics,0.8915644605167472
0.05,13,calibrated_physics,0.8915644605167472
0.05,14,rk4_oracle,0.8507989463168997
0.05,14,nominal_physics,0.8507989463168997
0.05,14,calibrated_physics,0.8507989463168997
0.05,15,rk4_oracle,0.8039406048965247
0.05,15,nominal_physics,0.8039406048965247
0.05,15,calibrated_physics,0.8039406048965247
0.05,16,rk4_oracle,0.7363820583350389
0.05,16,nominal_physics,0.7363820583350389
0.05,16,calibrated_physics,0.7363820583350389
0.05,17,rk4_oracle,0.6818698381039212
0.05,17,nominal_physics,0.6818698381039212
0.05,17,calibrated_physics,0.6818698381039212
0.05,18,rk4_oracle,0.7830155914234638
0.05,18,nominal_physics,0.7830155914234638
0.05,18,calibrated_physics,0.7830155914234638
0.05,19,rk4_oracle,0.7519576632830649
0.05,19,nominal_physics,0.7519576632830649
0.05,19,calibrated_physics,0.7519576632830649
0.05,20,rk4_oracle,0.8200610415087795
0.05,20,nominal_physics,0.8200610415087795
0.05,20,calibrated_physics,0.8200610415087795
0.05,21,rk4_oracle,0.8909455436878488
0.05,21,nominal_physics,0.8909455436878488
0.05,21,calibrated_physics,0.8909455436878488
0.05,22,rk4_oracle,0.9236852383764926
0.05,22,nominal_physics,0.9236852383764926
0.05,22,calibrated_physics,0.9236852383764926
0.05,23,rk4_oracle,0.9412993375690348
0.05,23,nominal_physics,0.9412993375690348
0.05,23,calibrated_physics,0.9412993375690348
0.05,24,rk4_oracle,0.7832656257278359
0.05,24,nominal_physics,0.7832656257278359
0.05,24,calibrated_physics,0.7832656257278359
0.05,25,rk4_oracle,0.9332872116374347
0.05,25,nominal_physics,0.9332872116374347
0.05,25,calibrated_physics,0.9332872116374347
0.05,26,rk4_oracle,0.8601023750998138
0.05,26,nominal_physics,0.8601023750998138
0.05,26,calibrated_physics,0.8601023750998138
0.05,27,rk4_oracle,0.7831813866232551
0.05,27,nominal_physics,0.7831813866232551
0.05,27,calibrated_physics,0.7831813866232551
0.05,28,rk4_oracle,0.8594620925350682
0.05,28,nominal_physics,0.8594620925350682
0.05,28,calibrated_physics,0.8594620925350682
0.05,29,rk4_oracle,0.9322132859779231
0.05,29,nominal_physics,0.9322132859779231
0.05,29,calibrated_physics,0.9322132859779231
0.1,0,rk4_oracle,0.749423679735628
0.1,0,nominal_physics,0.749423679735628
0.1,0,calibrated_physics,0.749423679735628
0.1,1,rk4_oracle,0.7229966138311283
0.1,1,nominal_physics,0.7229966138311283
0.1,1,calibrated_physics,0.7229966138311283
0.1,2,rk4_oracle,0.8981981574152087
0.1,2,nominal_physics,0.8981981574152087
0.1,2,calibrated_physics,0.8981981574152087
0.1,3,rk4_oracle,0.6724264932245205
0.1,3,nominal_physics,0.6724264932245205
0.1,3,calibrated_physics,0.6724264932245205
0.1,4,rk4_oracle,0.7903094223138396
0.1,4,nominal_physics,0.7903094223138396
0.1,4,calibrated_physics,0.7903094223138396
0.1,5,rk4_oracle,0.6583708329799265
0.1,5,nominal_physics,0.6583708329799265
0.1,5,calibrated_physics,0.6583708329799265
0.1,6,rk4_oracle,0.9319781094063728
0.1,6,nominal_physics,0.9319781094063728
0.1,6,calibrated_physics,0.9319781094063728
0.1,7,rk4_oracle,0.7822901909548818
0.1,7,nominal_physics,0.7822901909548818
0.1,7,calibrated_physics,0.7822901909548818
0.1,8,rk4_oracle,0.7498996836829974
0.1,8,nominal_physics,0.7498996836829974
0.1,8,calibrated_physics,0.7498996836829974
0.1,9,rk4_oracle,0.7557348016007381
0.1,9,nominal_physics,0.7557348016007381
0.1,9,calibrated_physics,0.7557348016007381
0.1,10,rk4_oracle,0.7937267952229377
0.1,10,nominal_physics,0.7937267952229377
0.1,10,calibrated_physics,0.7937267952229377
0.1,11,rk4_oracle,0.7753459453851974
0.1,11,nominal_physics,0.7753459453851974
0.1,11,calibrated_physics,0.7753459453851974
0.1,12,rk4_oracle,0.8469142983358324
0.1,12,nominal_physics,0.8469142983358324
0.1,12,calibrated_physics,0.8469142983358324
0.1,13,rk4_oracle,0.7702194210423841
0.1,13,nominal_physics,0.7702194210423841
0.1,13,calibrated_physics,0.7702194210423841
0.1,14,rk4_oracle,1.010373019880717
0.1,14,nominal_physics,1.010373019880717
0.1,14,calibrated_physics,1.010373019880717
0.1,15,rk4_oracle,0.8877592415501567
0.1,15,nominal_physics,0.8877592415501567
0.1,15,calibrated_physics,0.8877592415501567
0.1,16,rk4_oracle,0.9704288436296338
0.1,16,nominal_physics,0.9704288436296338
0.1,16,calibrated_physics,0.9704288436296338
0.1,17,rk4_oracle,0.8268103164255081
0.1,17,nominal_physics,0.8268103164255081
0.1,17,calibrated_physics,0.8268103164255081
0.1,18,rk4_oracle,0.7979769770827261
0.1,18,nominal_physics,0.7979769770827261
0.1,18,calibrated_physics,0.7979769770827261
0.1,19,rk4_oracle,0.9563719567040607
0.1,19,nominal_physics,0.9563719567040607
0.1,19,calibrated_physics,0.9563719567040607
0.1,20,rk4_oracle,0.8797085786227399
0.1,20,nominal_physics,0.8797085786227399
0.1,20,calibrated_physics,0.8797085786227399
0.1,21,rk4_oracle,0.7389683435121697
0.1,21,nominal_physics,0.7389683435121697
0.1,21,calibrated_physics,0.7389683435121697
0.1,22,rk4_oracle,1.0129940892511513
0.1,22,nominal_physics,1.0129940892511513
0.1,22,calibrated_physics,1.0129940892511513
0.1,23,rk4_oracle,0.9730755903092358
0.1,23,nominal_physics,0.9730755903092358
0.1,23,calibrated_physics,0.9730755903092358
0.1,24,rk4_oracle,0.9862573091368176
0.1,24,nominal_physics,0.9862573091368176
0.1,24,calibrated_physics,0.9862573091368176
0.1,25,rk4_oracle,0.818191821849723
0.1,25,nominal_physics,0.818191821849723
0.1,25,calibrated_physics,0.818191821849723
0.1,26,rk4_oracle,0.6647790473834903
0.1,26,nominal_physics,0.6647790473834903
0.1,26,calibrated_physics,0.6647790473834903
0.1,27,rk4_oracle,0.7454615109736551
0.1,27,nominal_physics,0.7454615109736551
0.1,27,calibrated_physics,0.7454615109736551
0.1,28,rk4_oracle,0.6182422106348895
0.1,28,nominal_physics,0.6182422106348895
0.1,28,calibrated_physics,0.6182422106348895
0.1,29,rk4_oracle,0.8200714466966019
0.1,29,nominal_physics,0.8200714466966019
0.1,29,calibrated_physics,0.8200714466966019
0.2,0,rk4_oracle,0.7898794643779183
0.2,0,nominal_physics,0.7898794643779183
0.2,0,calibrated_physics,0.7898794643779183
0.2,1,rk4_oracle,0.849720755695671
0.2,1,nominal_physics,0.849720755695671
0.2,1,calibrated_physics,0.849720755695671
0.2,2,rk4_oracle,0.6788738988916521
0.2,2,nominal_physics,0.6788738988916521
0.2,2,calibrated_physics,0.6788738988916521
0.2,3,rk4_oracle,0.9416221814717574
0.2,3,nominal_physics,0.9416221814717574
0.2,3,calibrated_physics,0.9416221814717574
0.2,4,rk4_oracle,0.6774471347625877
0.2,4,nominal_physics,0.6774471347625877
0.2,4,calibrated_physics,0.6774471347625877
0.2,5,rk4_oracle,0.6825360333095887
0.2,5,nominal_physics,0.6825360333095887
0.2,5,calibrated_physics,0.6825360333095887
0.2,6,rk4_oracle,0.6854040992720911
0.2,6,nominal_physics,0.6854040992720911
0.2,6,calibrated_physics,0.6854040992720911
0.2,7,rk4_oracle,0.6682085160036877
0.2,7,nominal_physics,0.6682085160036877
0.2,7,calibrated_physics,0.6682085160036877
0.2,8,rk4_oracle,0.7259424921812752
0.2,8,nominal_physics,0.7259424921812752
0.2,8,calibrated_physics,0.7259424921812752
0.2,9,rk4_oracle,0.9530066432716922
0.2,9,nominal_physics,0.9530066432716922
0.2,9,calibrated_physics,0.9530066432716922
0.2,10,rk4_oracle,0.6654655510374141
0.2,10,nominal_physics,0.6654655510374141
0.2,10,calibrated_physics,0.6654655510374141
0.2,11,rk4_oracle,0.6297876518601697
0.2,11,nominal_physics,0.6297876518601697
0.2,11,calibrated_physics,0.6297876518601697
0.2,12,rk4_oracle,0.8212999460965875
0.2,12,nominal_physics,0.8212999460965875
0.2,12,calibrated_physics,0.8212999460965875
0.2,13,rk4_oracle,0.942989395866789
0.2,13,nominal_physics,0.942989395866789
0.2,13,calibrated_physics,0.942989395866789
0.2,14,rk4_oracle,0.7642154838549686
0.2,14,nominal_physics,0.7642154838549686
0.2,14,calibrated_physics,0.7642154838549686
0.2,15,rk4_oracle,0.7441607965574804
0.2,15,nominal_physics,0.7441607965574804
0.2,15,calibrated_physics,0.7441607965574804
0.2,16,rk4_oracle,0.8181985054989127
0.2,16,nominal_physics,0.8181985054989127
0.2,16,calibrated_physics,0.8181985054989127
0.2,17,rk4_oracle,0.689600937562318
0.2,17,nominal_physics,0.689600937562318
0.2,17,calibrated_physics,0.689600937562318
0.2,18,rk4_oracle,0.9012542790287625
0.2,18,nominal_physics,0.9012542790287625
0.2,18,calibrated_physics,0.9012542790287625
0.2,19,rk4_oracle,0.8236992641741381
0.2,19,nominal_physics,0.8236992641741381
0.2,19,calibrated_physics,0.8236992641741381
0.2,20,rk4_oracle,0.7355884866910856
0.2,20,nominal_physics,0.7355884866910856
0.2,20,calibrated_physics,0.7355884866910856
0.2,21,rk4_oracle,0.8942412102896924
0.2,21,nominal_physics,0.8942412102896924
0.2,21,calibrated_physics,0.8942412102896924
0.2,22,rk4_oracle,0.7813012200585945
0.2,22,nominal_physics,0.7813012200585945
0.2,22,calibrated_physics,0.7813012200585945
0.2,23,rk4_oracle,0.7639100351752859
0.2,23,nominal_physics,0.7639100351752859
0.2,23,calibrated_physics,0.7639100351752859
0.2,24,rk4_oracle,0.854173041489048
0.2,24,nominal_physics,0.854173041489048
0.2,24,calibrated_physics,0.854173041489048
0.2,25,rk4_oracle,0.6891128452934936
0.2,25,nominal_physics,0.6891128452934936
0.2,25,calibrated_physics,0.6891128452934936
0.2,26,rk4_oracle,0.9863007250032751
0.2,26,nominal_physics,0.9863007250032751
0.2,26,calibrated_physics,0.9863007250032751
0.2,27,rk4_oracle,0.7198330962410182
0.2,27,nominal_physics,0.7198330962410182
0.2,27,calibrated_physics,0.7198330962410182
0.2,28,rk4_oracle,0.6820596348688923
0.2,28,nominal_physics,0.6820596348688923
0.2,28,calibrated_physics,0.6820596348688923
0.2,29,rk4_oracle,0.7926299900873346
0.2,29,nominal_physics,0.7926299900873346
0.2,29,calibrated_physics,0.7926299900873346
0.5,0,rk4_oracle,0.7874577471511657
0.5,0,nominal_physics,0.7874577471511657
0.5,0,calibrated_physics,0.7874577471511657
0.5,1,rk4_oracle,0.8148363735926978
0.5,1,nominal_physics,0.8148363735926978
0.5,1,calibrated_physics,0.8148363735926978
0.5,2,rk4_oracle,0.8590007843167768
0.5,2,nominal_physics,0.8590007843167768
0.5,2,calibrated_physics,0.8590007843167768
0.5,3,rk4_oracle,0.8468856128729385
0.5,3,nominal_physics,0.8468856128729385
0.5,3,calibrated_physics,0.8468856128729385
0.5,4,rk4_oracle,0.8370123254053397
0.5,4,nominal_physics,0.8370123254053397
0.5,4,calibrated_physics,0.8370123254053397
0.5,5,rk4_oracle,0.7737566374999005
0.5,5,nominal_physics,0.7737566374999005
0.5,5,calibrated_physics,0.7737566374999005
0.5,6,rk4_oracle,0.8028377885693772
0.5,6,nominal_physics,0.8028377885693772
0.5,6,calibrated_physics,0.8028377885693772
0.5,7,rk4_oracle,0.7373945180688679
0.5,7,nominal_physics,0.7373945180688679
0.5,7,calibrated_physics,0.7373945180688679
0.5,8,rk4_oracle,0.9455232174104822
0.5,8,nominal_physics,0.9455232174104822
0.5,8,calibrated_physics,0.9455232174104822
0.5,9,rk4_oracle,0.7015712378688477
0.5,9,nominal_physics,0.7015712378688477
0.5,9,calibrated_physics,0.7015712378688477
0.5,10,rk4_oracle,0.8029119902630555
0.5,10,nominal_physics,0.8029119902630555
0.5,10,calibrated_physics,0.8029119902630555
0.5,11,rk4_oracle,0.9131518055482957
0.5,11,nominal_physics,0.9131518055482957
0.5,11,calibrated_physics,0.9131518055482957
0.5,12,rk4_oracle,0.7708782590043484
0.5,12,nominal_physics,0.7708782590043484
0.5,12,calibrated_physics,0.7708782590043484
0.5,13,rk4_oracle,0.7852265775909473
0.5,13,nominal_physics,0.7852265775909473
0.5,13,calibrated_physics,0.7852265775909473
0.5,14,rk4_oracle,0.8988384655594928
0.5,14,nominal_physics,0.8988384655594928
0.5,14,calibrated_physics,0.8988384655594928
0.5,15,rk4_oracle,0.7424674822686939
0.5,15,nominal_physics,0.7424674822686939
0.5,15,calibrated_physics,0.7424674822686939
0.5,16,rk4_oracle,0.851452344363679
0.5,16,nominal_physics,0.851452344363679
0.5,16,calibrated_physics,0.851452344363679
0.5,17,rk4_oracle,0.6610348259528109
0.5,17,nominal_physics,0.6610348259528109
0.5,17,calibrated_physics,0.6610348259528109
0.5,18,rk4_oracle,0.6576902615051949
0.5,18,nominal_physics,0.6576902615051949
0.5,18,calibrated_physics,0.6576902615051949
0.5,19,rk4_oracle,0.6997799334840238
0.5,19,nominal_physics,0.6997799334840238
0.5,19,calibrated_physics,0.6997799334840238
0.5,20,rk4_oracle,0.7760128534073374
0.5,20,nominal_physics,0.7760128534073374
0.5,20,calibrated_physics,0.7760128534073374
0.5,21,rk4_oracle,0.8578052768370981
0.5,21,nominal_physics,0.8578052768370981
0.5,21,calibrated_physics,0.8578052768370981
0.5,22,rk4_oracle,0.6499966167439197
0.5,22,nominal_physics,0.6499966167439197
0.5,22,calibrated_physics,0.6499966167439197
0.5,23,rk4_oracle,0.7983162879554584
0.5,23,nominal_physics,0.7983162879554584
0.5,23,calibrated_physics,0.7983162879554584
0.5,24,rk4_oracle,0.9616019048053204
0.5,24,nominal_physics,0.9616019048053204
0.5,24,calibrated_physics,0.9616019048053204
0.5,25,rk4_oracle,0.8167601384911904
0.5,25,nominal_physics,0.8167601384911904
0.5,25,calibrated_physics,0.8167601384911904
0.5,26,rk4_oracle,0.8384908056768836
0.5,26,nominal_physics,0.8384908056768836
0.5,26,calibrated_physics,0.8384908056768836
0.5,27,rk4_oracle,0.9502722843990341
0.5,27,nominal_physics,0.9502722843990341
0.5,27,calibrated_physics,0.9502722843990341
0.5,28,rk4_oracle,0.7879863858306635
0.5,28,nominal_physics,0.7879863858306635
0.5,28,calibrated_physics,0.7879863858306635
0.5,29,rk4_oracle,0.8102996406478269
0.5,29,nominal_physics,0.8102996406478269
0.5,29,calibrated_physics,0.8102996406478269
