epsilon,sequence_index,method,horizon_steps,horizon_error_rad_s
0,0,rk4_oracle,10,0.0
0,0,rk4_oracle,50,0.0
0,0,rk4_oracle,100,0.0
0,0,rk4_oracle,200,0.0
0,0,nominal_physics,10,72.85859793040987
0,0,nominal_physics,50,222.74496965593175
0,0,nominal_physics,100,263.6285714898988
0,0,nominal_physics,200,233.77520480046465
0,0,calibrated_physics,10,3.979039320256561e-13
0,0,calibrated_physics,50,3.524291969370097e-12
0,0,calibrated_physics,100,2.0520474208751693e-11
0,0,calibrated_physics,200,8.29913915367797e-11
0,1,rk4_oracle,10,0.0
0,1,rk4_oracle,50,0.0
0,1,rk4_oracle,100,0.0
0,1,rk4_oracle,200,0.0
0,1,nominal_physics,10,80.89941625729494
0,1,nominal_physics,50,246.94580714867453
0,1,nominal_physics,100,291.5725152993037
0,1,nominal_physics,200,257.074699641712
0,1,calibrated_physics,10,2.6147972675971687e-12
0,1,calibrated_physics,50,2.8990143619012088e-12
0,1,calibrated_physics,100,1.6200374375330284e-11
0,1,calibrated_physics,200,1.035118657455314e-10
0,2,rk4_oracle,10,0.0
0,2,rk4_oracle,50,0.0
0,2,rk4_oracle,100,0.0
0,2,rk4_oracle,200,0.0
0,2,nominal_physics,10,84.70545854497885
0,2,nominal_physics,50,259.3087621653166
0,2,nominal_physics,100,307.53726610465543
0,2,nominal_physics,200,274.0604828964117
0,2,calibrated_physics,10,1.5916157281026244e-12
0,2,calibrated_physics,50,2.0463630789890885e-12
0,2,calibrated_physics,100,9.777068044058979e-12
0,2,calibrated_physics,200,6.338041202980094e-11
0,3,rk4_oracle,10,0.0
0,3,rk4_oracle,50,0.0
0,3,rk4_oracle,100,0.0
0,3,rk4_oracle,200,0.0
0,3,nominal_physics,10,78.75102054980766
0,3,nominal_physics,50,239.63972479032603
0,3,nominal_physics,100,281.58448928793985
0,3,nominal_physics,200,245.41777066630192
0,3,calibrated_physics,10,1.0800249583553523e-12
0,3,calibrated_physics,50,7.787548383930698e-12
0,3,calibrated_physics,100,2.0463630789890885e-11
0,3,calibrated_physics,200,5.678657544194721e-11
0,4,rk4_oracle,10,0.0
0,4,rk4_oracle,50,0.0
0,4,rk4_oracle,100,0.0
0,4,rk4_oracle,200,0.0
0,4,nominal_physics,10,75.76162292147251
0,4,nominal_physics,50,229.7655044207325
0,4,nominal_physics,100,268.57466487701186
0,4,nominal_physics,200,231.16600955194951
0,4,calibrated_physics,10,3.751665644813329e-12
0,4,calibrated_physics,50,7.16227077646181e-12
0,4,calibrated_physics,100,1.0459189070388675e-11
0,4,calibrated_physics,200,9.86233317235019e-11
0,5,rk4_oracle,10,0.0
0,5,rk4_oracle,50,0.0
0,5,rk4_oracle,100,0.0
0,5,rk4_oracle,200,0.0
0,5,nominal_physics,10,79.6450970274667
0,5,nominal_physics,50,241.36936844839644
0,5,nominal_physics,100,281.8224732187041
0,5,nominal_physics,200,241.90771912479144
0,5,calibrated_physics,10,1.5916157281026244e-12
0,5,calibrated_physics,50,7.332801033044234e-12
0,5,calibrated_physics,100,1.3358203432289883e-11
0,5,calibrated_physics,200,2.262368070660159e-11
0,6,rk4_oracle,10,0.0
0,6,rk4_oracle,50,0.0
0,6,rk4_oracle,100,0.0
0,6,rk4_oracle,200,0.0
0,6,nominal_physics,10,71.51182636741203
0,6,nominal_physics,50,216.1469157510854
0,6,nominal_physics,100,251.343774276244
0,6,nominal_physics,200,213.65979089764298
0,6,calibrated_physics,10,5.115907697472721e-13
0,6,calibrated_physics,50,5.229594535194337e-12
0,6,calibrated_physics,100,2.5295321393059567e-11
0,6,calibrated_physics,200,9.606537787476555e-11
0,7,rk4_oracle,10,0.0
0,7,rk4_oracle,50,0.0
0,7,rk4_oracle,100,0.0
0,7,rk4_oracle,200,0.0
0,7,nominal_physics,10,77.50010153219108
0,7,nominal_physics,50,236.10669327254266
0,7,nominal_physics,100,277.93107794216814
0,7,nominal_physics,200,243.27579879410996
0,7,calibrated_physics,10,2.1600499167107046e-12
0,7,calibrated_physics,50,2.1600499167107046e-12
0,7,calibrated_physics,100,1.4836132322670892e-11
0,7,calibrated_physics,200,9.055156624526717e-11
0,8,rk4_oracle,10,0.0
0,8,rk4_oracle,50,0.0
0,8,rk4_oracle,100,0.0
0,8,rk4_oracle,200,0.0
0,8,nominal_physics,10,75.7450431151562
0,8,nominal_physics,50,232.01348755569117
0,8,nominal_physics,100,275.4134214608717
0,8,nominal_physics,200,245.9604979574481
0,8,calibrated_physics,10,2.6147972675971687e-12
0,8,calibrated_physics,50,1.7621459846850485e-12
0,8,calibrated_physics,100,2.233946361229755e-11
0,8,calibrated_physics,200,1.2823875294998288e-10
0,9,rk4_oracle,10,0.0
0,9,rk4_oracle,50,0.0
0,9,rk4_oracle,100,0.0
0,9,rk4_oracle,200,0.0
0,9,nominal_physics,10,82.72503064171252
0,9,nominal_physics,50,252.5153796883446
0,9,nominal_physics,100,298.14352481948686
0,9,nominal_physics,200,262.8604386897244
0,9,calibrated_physics,10,5.115907697472721e-13
0,9,calibrated_physics,50,9.663381206337363e-12
0,9,calibrated_physics,100,4.519051799434237e-11
0,9,calibrated_physics,200,1.7257661966141313e-10
0,10,rk4_oracle,10,0.0
0,10,rk4_oracle,50,0.0
0,10,rk4_oracle,100,0.0
0,10,rk4_oracle,200,0.0
0,10,nominal_physics,10,75.850269899093
0,10,nominal_physics,50,232.50368073644367
0,10,nominal_physics,100,276.30427284762794
0,10,nominal_physics,200,247.41731502002656
0,10,calibrated_physics,10,2.8990143619012088e-12
0,10,calibrated_physics,50,2.7853275241795927e-12
0,10,calibrated_physics,100,2.0236257114447653e-11
0,10,calibrated_physics,200,1.2607870303327218e-10
0,11,rk4_oracle,10,0.0
0,11,rk4_oracle,50,0.0
0,11,rk4_oracle,100,0.0
0,11,rk4_oracle,200,0.0
0,11,nominal_physics,10,74.70741109090176
0,11,nominal_physics,50,224.331269422092
0,11,nominal_physics,100,258.2329461212492
0,11,nominal_physics,200,214.24323782604765
0,11,calibrated_physics,10,1.1368683772161603e-12
0,11,calibrated_physics,50,6.423306331271306e-12
0,11,calibrated_physics,100,1.4836132322670892e-11
0,11,calibrated_physics,200,3.40207861881936e-11
0,12,rk4_oracle,10,0.0
0,12,rk4_oracle,50,0.0
0,12,rk4_oracle,100,0.0
0,12,rk4_oracle,200,0.0
0,12,nominal_physics,10,68.17271759275212
0,12,nominal_physics,50,209.1501710741936
0,12,nominal_physics,100,248.8836652391607
0,12,nominal_physics,200,223.5758462717704
0,12,calibrated_physics,10,1.8758328224066645e-12
0,12,calibrated_physics,50,5.4001247917767614e-12
0,12,calibrated_physics,100,1.6484591469634324e-12
0,12,calibrated_physics,200,2.5778490453376435e-11
0,13,rk4_oracle,10,0.0
0,13,rk4_oracle,50,0.0
0,13,rk4_oracle,100,0.0
0,13,rk4_oracle,200,0.0
0,13,nominal_physics,10,76.04280949868206
0,13,nominal_physics,50,230.8529944874818
0,13,nominal_physics,100,270.2708386389188
0,13,nominal_physics,200,233.50515352353963
0,13,calibrated_physics,10,1.3073986337985843e-12
0,13,calibrated_physics,50,8.412825991399586e-12
0,13,calibrated_physics,100,2.091837814077735e-11
0,13,calibrated_physics,200,5.45981038158061e-11
0,14,rk4_oracle,10,0.0
0,14,rk4_oracle,50,0.0
0,14,rk4_oracle,100,0.0
0,14,rk4_oracle,200,0.0
0,14,nominal_physics,10,69.53082153775387
0,14,nominal_physics,50,212.73560299944992
0,14,nominal_physics,100,252.08217950505193
0,14,nominal_physics,200,224.16793295388854
0,14,calibrated_physics,10,0.0
0,14,calibrated_physics,50,1.3642420526593924e-12
0,14,calibrated_physics,100,5.9685589803848416e-12
0,14,calibrated_physics,200,2.4101609596982598e-11
0,15,rk4_oracle,10,0.0
0,15,rk4_oracle,50,0.0
0,15,rk4_oracle,100,0.0
0,15,rk4_oracle,200,0.0
0,15,nominal_physics,10,84.52069082357673
0,15,nominal_physics,50,258.5356202945422
0,15,nominal_physics,100,306.2382118253456
0,15,nominal_physics,200,272.08374353881993
0,15,calibrated_physics,10,7.389644451905042e-13
0,15,calibrated_physics,50,3.353761712787673e-12
0,15,calibrated_physics,100,5.8548721426632255e-12
0,15,calibrated_physics,200,1.000444171950221e-11
0,16,rk4_oracle,10,0.0
0,16,rk4_oracle,50,0.0
0,16,rk4_oracle,100,0.0
0,16,rk4_oracle,200,0.0
0,16,nominal_physics,10,74.62260930653139
0,16,nominal_physics,50,228.27756919883083
0,16,nominal_physics,100,270.43106040173797
0,16,nominal_physics,200,240.34046615158027
0,16,calibrated_physics,10,2.4442670110147446e-12
0,16,calibrated_physics,50,5.8548721426632255e-12
0,16,calibrated_physics,100,2.8421709430404007e-12
0,16,calibrated_physics,200,5.1670667744474486e-11
0,17,rk4_oracle,10,0.0
0,17,rk4_oracle,50,0.0
0,17,rk4_oracle,100,0.0
0,17,rk4_oracle,200,0.0
0,17,nominal_physics,10,85.48719713309833
0,17,nominal_physics,50,261.4953228241599
0,17,nominal_physics,100,309.7504538889566
0,17,nominal_physics,200,275.21962999668244
0,17,calibrated_physics,10,0.0
0,17,calibrated_physics,50,7.958078640513122e-13
0,17,calibrated_physics,100,4.263256414560601e-12
0,17,calibrated_physics,200,1.6143530956469476e-11
0,18,rk4_oracle,10,0.0
0,18,rk4_oracle,50,0.0
0,18,rk4_oracle,100,0.0
0,18,rk4_oracle,200,0.0
0,18,nominal_physics,10,81.54306171068782
0,18,nominal_physics,50,246.13779451560626
0,18,nominal_physics,100,285.6289825049981
0,18,nominal_physics,200,241.6107939142239
0,18,calibrated_physics,10,2.2737367544323206e-12
0,18,calibrated_physics,50,3.694822225952521e-12
0,18,calibrated_physics,100,9.208633855450898e-12
0,18,calibrated_physics,200,6.929212759132497e-11
0,19,rk4_oracle,10,0.0
0,19,rk4_oracle,50,0.0
0,19,rk4_oracle,100,0.0
0,19,rk4_oracle,200,0.0
0,19,nominal_physics,10,81.92151100032157
0,19,nominal_physics,50,250.37234143569054
0,19,nominal_physics,100,296.1801445834525
0,19,nominal_physics,200,262.3290459522124
0,19,calibrated_physics,10,1.7053025658242404e-12
0,19,calibrated_physics,50,1.1198153515579179e-11
0,19,calibrated_physics,100,2.7284841053187847e-11
0,19,calibrated_physics,200,7.133849067031406e-11
0,20,rk4_oracle,10,0.0
0,20,rk4_oracle,50,0.0
0,20,rk4_oracle,100,0.0
0,20,rk4_oracle,200,0.0
0,20,nominal_physics,10,73.80784546187266
0,20,nominal_physics,50,223.3402290942469
0,20,nominal_physics,100,260.16452546891065
0,20,nominal_physics,200,222.08907246687457
0,20,calibrated_physics,10,9.094947017729282e-13
0,20,calibrated_physics,50,9.947598300641403e-12
0,20,calibrated_physics,100,3.291233952040784e-11
0,20,calibrated_physics,200,1.0371081771154422e-10
0,21,rk4_oracle,10,0.0
0,21,rk4_oracle,50,0.0
0,21,rk4_oracle,100,0.0
0,21,rk4_oracle,200,0.0
0,21,nominal_physics,10,76.03598357571525
0,21,nominal_physics,50,230.6893340144793
0,21,nominal_physics,100,269.82086769948205
0,21,nominal_physics,200,232.5836098232616
0,21,calibrated_physics,10,0.0
0,21,calibrated_physics,50,1.4210854715202004e-12
0,21,calibrated_physics,100,6.934897101018578e-12
0,21,calibrated_physics,200,2.6147972675971687e-11
0,22,rk4_oracle,10,0.0
0,22,rk4_oracle,50,0.0
0,22,rk4_oracle,100,0.0
0,22,rk4_oracle,200,0.0
0,22,nominal_physics,10,80.07766113892853
0,22,nominal_physics,50,243.23091550730624
0,22,nominal_physics,100,284.99811395594577
0,22,nominal_physics,200,246.72867627144154
0,22,calibrated_physics,10,7.389644451905042e-13
0,22,calibrated_physics,50,1.1368683772161603e-13
0,22,calibrated_physics,100,6.991740519879386e-12
0,22,calibrated_physics,200,3.6550318327499554e-11
0,23,rk4_oracle,10,0.0
0,23,rk4_oracle,50,0.0
0,23,rk4_oracle,100,0.0
0,23,rk4_oracle,200,0.0
0,23,nominal_physics,10,65.09120501787328
0,23,nominal_physics,50,195.25023478225745
0,23,nominal_physics,100,224.39475106111874
0,23,nominal_physics,200,185.4602127451633
0,23,calibrated_physics,10,1.7053025658242404e-13
0,23,calibrated_physics,50,1.9895196601282805e-12
0,23,calibrated_physics,100,1.0800249583553523e-11
0,23,calibrated_physics,200,4.087041816092096e-11
0,24,rk4_oracle,10,0.0
0,24,rk4_oracle,50,0.0
0,24,rk4_oracle,100,0.0
0,24,rk4_oracle,200,0.0
0,24,nominal_physics,10,82.79100973470833
0,24,nominal_physics,50,251.64037066496402
0,24,nominal_physics,100,295.15526636868685
0,24,nominal_physics,200,256.1490101471261
0,24,calibrated_physics,10,2.5579538487363607e-12
0,24,calibrated_physics,50,5.7411853049416095e-12
0,24,calibrated_physics,100,3.922195901395753e-12
0,24,calibrated_physics,200,5.5365489970427006e-11
0,25,rk4_oracle,10,0.0
0,25,rk4_oracle,50,0.0
0,25,rk4_oracle,100,0.0
0,25,rk4_oracle,200,0.0
0,25,nominal_physics,10,80.71706628453478
0,25,nominal_physics,50,245.75191236511077
0,25,nominal_physics,100,289.00170078529527
0,25,nominal_physics,200,252.37193556058398
0,25,calibrated_physics,10,2.4442670110147446e-12
0,25,calibrated_physics,50,0.0
0,25,calibrated_physics,100,2.7114310796605423e-11
0,25,calibrated_physics,200,1.4006218407303095e-10
0,26,rk4_oracle,10,0.0
0,26,rk4_oracle,50,0.0
0,26,rk4_oracle,100,0.0
0,26,rk4_oracle,200,0.0
0,26,nominal_physics,10,74.32762160937494
0,26,nominal_physics,50,227.59816437286767
0,26,nominal_physics,100,270.03637739264684
0,26,nominal_physics,200,240.86654654987794
0,26,calibrated_physics,10,5.115907697472721e-13
0,26,calibrated_physics,50,3.467448550509289e-12
0,26,calibrated_physics,100,2.0691004465334117e-11
0,26,calibrated_physics,200,8.617462299298495e-11
0,27,rk4_oracle,10,0.0
0,27,rk4_oracle,50,0.0
0,27,rk4_oracle,100,0.0
0,27,rk4_oracle,200,0.0
0,27,nominal_physics,10,78.04562813581754
0,27,nominal_physics,50,234.68981171139004
0,27,nominal_physics,100,270.75253600979653
0,27,nominal_physics,200,225.81993284845376
0,27,calibrated_physics,10,5.115907697472721e-13
0,27,calibrated_physics,50,1.0231815394945443e-12
0,27,calibrated_physics,100,9.038103598868474e-12
0,27,calibrated_physics,200,3.7914560380158946e-11
0,28,rk4_oracle,10,0.0
0,28,rk4_oracle,50,0.0
0,28,rk4_oracle,100,0.0
0,28,rk4_oracle,200,0.0
0,28,nominal_physics,10,69.79223610698887
0,28,nominal_physics,50,211.42687376256595
0,28,nominal_physics,100,246.716810557389
0,28,nominal_physics,200,211.49654934873968
0,28,calibrated_physics,10,1.6484591469634324e-12
0,28,calibrated_physics,50,1.6484591469634324e-12
0,28,calibrated_physics,100,1.0629719326971099e-11
0,28,calibrated_physics,200,6.477307579189073e-11
0,29,rk4_oracle,10,0.0
0,29,rk4_oracle,50,0.0
0,29,rk4_oracle,100,0.0
0,29,rk4_oracle,200,0.0
0,29,nominal_physics,10,79.30966004876734
0,29,nominal_physics,50,238.44982399398327
0,29,nominal_physics,100,275.0185201627403
0,29,nominal_physics,200,229.24004120796423
0,29,calibrated_physics,10,4.547473508864641e-13
0,29,calibrated_physics,50,8.01492205937393e-12
0,29,calibrated_physics,100,2.887645678129047e-11
0,29,calibrated_physics,200,9.561063052387908e-11
0.02,0,rk4_oracle,10,0.0
0.02,0,rk4_oracle,50,0.0
0.02,0,rk4_oracle,100,0.0
0.02,0,rk4_oracle,200,0.0
0.02,0,nominal_physics,10,77.86377863844075
0.02,0,nominal_physics,50,234.51033315144264
0.02,0,nominal_physics,100,271.2033560249893
0.02,0,nominal_physics,200,227.52617665482083
0.02,0,calibrated_physics,10,6.416769338102313e-09
0.02,0,calibrated_physics,50,2.1151212081349513e-05
0.02,0,calibrated_physics,100,0.000220831942328914
0.02,0,calibrated_physics,200,0.0016032172709969927
0.02,1,rk4_oracle,10,0.0
0.02,1,rk4_oracle,50,0.0
0.02,1,rk4_oracle,100,0.0
0.02,1,rk4_oracle,200,0.0
0.02,1,nominal_physics,10,68.53746862186267
0.02,1,nominal_physics,50,205.75669421064472
0.02,1,nominal_physics,100,236.7694867182642
0.02,1,nominal_physics,200,196.2839895145245
0.02,1,calibrated_physics,10,5.952756509941537e-09
0.02,1,calibrated_physics,50,1.8645343288881122e-05
0.02,1,calibrated_physics,100,0.00019340272302770245
0.02,1,calibrated_physics,200,0.0013869086584179513
0.02,2,rk4_oracle,10,0.0
0.02,2,rk4_oracle,50,0.0
0.02,2,rk4_oracle,100,0.0
0.02,2,rk4_oracle,200,0.0
0.02,2,nominal_physics,10,71.6786294348675
0.02,2,nominal_physics,50,218.70496390266936
0.02,2,nominal_physics,100,258.0553923457598
0.02,2,nominal_physics,200,227.15713939137788
0.02,2,calibrated_physics,10,2.5792701308091637e-09
0.02,2,calibrated_physics,50,1.0720985187617771e-05
0.02,2,calibrated_physics,100,0.00011492368128074304
0.02,2,calibrated_physics,200,0.0008771063722861072
0.02,3,rk4_oracle,10,0.0
0.02,3,rk4_oracle,50,0.0
0.02,3,rk4_oracle,100,0.0
0.02,3,rk4_oracle,200,0.0
0.02,3,nominal_physics,10,73.90606271581748
0.02,3,nominal_physics,50,223.1818875547986
0.02,3,nominal_physics,100,259.16306475784086
0.02,3,nominal_physics,200,219.5755786095905
0.02,3,calibrated_physics,10,4.78519268654054e-09
0.02,3,calibrated_physics,50,1.647545786909177e-05
0.02,3,calibrated_physics,100,0.00017293151427111297
0.02,3,calibrated_physics,200,0.0012681484159031697
0.02,4,rk4_oracle,10,0.0
0.02,4,rk4_oracle,50,0.0
0.02,4,rk4_oracle,100,0.0
0.02,4,rk4_oracle,200,0.0
0.02,4,nominal_physics,10,66.6161827272756
0.02,4,nominal_physics,50,201.31745175402116
0.02,4,nominal_physics,100,234.04124601120475
0.02,4,nominal_physics,200,198.83083586843745
0.02,4,calibrated_physics,10,3.9321434996963944e-09
0.02,4,calibrated_physics,50,1.370228181940547e-05
0.02,4,calibrated_physics,100,0.00014404850281835024
0.02,4,calibrated_physics,200,0.0010594707970312811
0.02,5,rk4_oracle,10,0.0
0.02,5,rk4_oracle,50,0.0
0.02,5,rk4_oracle,100,0.0
0.02,5,rk4_oracle,200,0.0
0.02,5,nominal_physics,10,67.23866784463212
0.02,5,nominal_physics,50,205.0796122796147
0.02,5,nominal_physics,100,241.83730448299409
0.02,5,nominal_physics,200,212.59065759123283
0.02,5,calibrated_physics,10,2.119350028806366e-09
0.02,5,calibrated_physics,50,8.740122723338573e-06
0.02,5,calibrated_physics,100,9.36075977051587e-05
0.02,5,calibrated_physics,200,0.0007132269826684023
0.02,6,rk4_oracle,10,0.0
0.02,6,rk4_oracle,50,0.0
0.02,6,rk4_oracle,100,0.0
0.02,6,rk4_oracle,200,0.0
0.02,6,nominal_physics,10,67.35919442578796
0.02,6,nominal_physics,50,203.4836154469095
0.02,6,nominal_physics,100,236.41538664317238
0.02,6,nominal_physics,200,200.5465897954778
0.02,6,calibrated_physics,10,4.451067070476711e-09
0.02,6,calibrated_physics,50,1.5431560029810498e-05
0.02,6,calibrated_physics,100,0.00016211765120033306
0.02,6,calibrated_physics,200,0.0011908371844242538
0.02,7,rk4_oracle,10,0.0
0.02,7,rk4_oracle,50,0.0
0.02,7,rk4_oracle,100,0.0
0.02,7,rk4_oracle,200,0.0
0.02,7,nominal_physics,10,67.786106872223
0.02,7,nominal_physics,50,205.36757877810206
0.02,7,nominal_physics,100,239.6770651065376
0.02,7,nominal_physics,200,205.5180304770292
0.02,7,calibrated_physics,10,3.50200934917666e-09
0.02,7,calibrated_physics,50,1.2755592024404905e-05
0.02,7,calibrated_physics,100,0.00013477893060098722
0.02,7,calibrated_physics,200,0.00100087617872191
0.02,8,rk4_oracle,10,0.0
0.02,8,rk4_oracle,50,0.0
0.02,8,rk4_oracle,100,0.0
0.02,8,rk4_oracle,200,0.0
0.02,8,nominal_physics,10,74.65373160228916
0.02,8,nominal_physics,50,227.4642734381745
0.02,8,nominal_physics,100,267.81016421131767
0.02,8,nominal_physics,200,234.52363026631235
0.02,8,calibrated_physics,10,3.1321860660682432e-09
0.02,8,calibrated_physics,50,1.2669995271608059e-05
0.02,8,calibrated_physics,100,0.0001354342913941764
0.02,8,calibrated_physics,200,0.0010281182520088805
0.02,9,rk4_oracle,10,0.0
0.02,9,rk4_oracle,50,0.0
0.02,9,rk4_oracle,100,0.0
0.02,9,rk4_oracle,200,0.0
0.02,9,nominal_physics,10,74.34226751878265
0.02,9,nominal_physics,50,226.40079515793508
0.02,9,nominal_physics,100,266.3517762958969
0.02,9,nominal_physics,200,232.82424091457537
0.02,9,calibrated_physics,10,2.8537670004880056e-09
0.02,9,calibrated_physics,50,1.1413743948196498e-05
0.02,9,calibrated_physics,100,0.00012186519319357103
0.02,9,calibrated_physics,200,0.0009230839407337044
0.02,10,rk4_oracle,10,0.0
0.02,10,rk4_oracle,50,0.0
0.02,10,rk4_oracle,100,0.0
0.02,10,rk4_oracle,200,0.0
0.02,10,nominal_physics,10,70.05401672129074
0.02,10,nominal_physics,50,213.67261452273164
0.02,10,nominal_physics,100,251.98186414455722
0.02,10,nominal_physics,200,221.53327827051473
0.02,10,calibrated_physics,10,2.267086074425606e-09
0.02,10,calibrated_physics,50,9.344447391868016e-06
0.02,10,calibrated_physics,100,0.00010008443632614217
0.02,10,calibrated_physics,200,0.0007626402106382102
0.02,11,rk4_oracle,10,0.0
0.02,11,rk4_oracle,50,0.0
0.02,11,rk4_oracle,100,0.0
0.02,11,rk4_oracle,200,0.0
0.02,11,nominal_physics,10,73.99643753087003
0.02,11,nominal_physics,50,224.48379389103505
0.02,11,nominal_physics,100,262.5299201829928
0.02,11,nominal_physics,200,226.22727946752642
0.02,11,calibrated_physics,10,4.081243787368294e-09
0.02,11,calibrated_physics,50,1.5223921991491807e-05
0.02,11,calibrated_physics,100,0.00016130914121958995
0.02,11,calibrated_physics,200,0.001204242953207313
0.02,12,rk4_oracle,10,0.0
0.02,12,rk4_oracle,50,0.0
0.02,12,rk4_oracle,100,0.0
0.02,12,rk4_oracle,200,0.0
0.02,12,nominal_physics,10,79.54760859009451
0.02,12,nominal_physics,50,242.53571161198425
0.02,12,nominal_physics,100,285.8476205061157
0.02,12,nominal_physics,200,250.9369616964791
0.02,12,calibrated_physics,10,3.3068658922275063e-09
0.02,12,calibrated_physics,50,1.3543739555643697e-05
0.02,12,calibrated_physics,100,0.00014496254408413733
0.02,12,calibrated_physics,200,0.00110317896911738
0.02,13,rk4_oracle,10,0.0
0.02,13,rk4_oracle,50,0.0
0.02,13,rk4_oracle,100,0.0
0.02,13,rk4_oracle,200,0.0
0.02,13,nominal_physics,10,78.38475287767773
0.02,13,nominal_physics,50,236.3059505013133
0.02,13,nominal_physics,100,273.6856351115652
0.02,13,nominal_physics,200,230.42924039286837
0.02,13,calibrated_physics,10,5.971116934233578e-09
0.02,13,calibrated_physics,50,1.9998265031517803e-05
0.02,13,calibrated_physics,100,0.0002091925357490254
0.02,13,calibrated_physics,200,0.0015241916159993707
0.02,14,rk4_oracle,10,0.0
0.02,14,rk4_oracle,50,0.0
0.02,14,rk4_oracle,100,0.0
0.02,14,rk4_oracle,200,0.0
0.02,14,nominal_physics,10,67.64609618616845
0.02,14,nominal_physics,50,206.98389102469565
0.02,14,nominal_physics,100,245.29377504653314
0.02,14,nominal_physics,200,218.18884226191744
0.02,14,calibrated_physics,10,1.938417426572414e-09
0.02,14,calibrated_physics,50,8.529946285307233e-06
0.02,14,calibrated_physics,100,9.196470324468464e-05
0.02,14,calibrated_physics,200,0.0007096283490000133
0.02,15,rk4_oracle,10,0.0
0.02,15,rk4_oracle,50,0.0
0.02,15,rk4_oracle,100,0.0
0.02,15,rk4_oracle,200,0.0
0.02,15,nominal_physics,10,66.56858512329728
0.02,15,nominal_physics,50,202.69333369163058
0.02,15,nominal_physics,100,238.39713184622985
0.02,15,nominal_physics,200,208.2436776140106
0.02,15,calibrated_physics,10,2.6634552341420203e-09
0.02,15,calibrated_physics,50,1.0636235117544857e-05
0.02,15,calibrated_physics,100,0.00011354494654369773
0.02,15,calibrated_physics,200,0.000859791449045133
0.02,16,rk4_oracle,10,0.0
0.02,16,rk4_oracle,50,0.0
0.02,16,rk4_oracle,100,0.0
0.02,16,rk4_oracle,200,0.0
0.02,16,nominal_physics,10,81.64691869402736
0.02,16,nominal_physics,50,247.80549635405785
0.02,16,nominal_physics,100,290.00914731006327
0.02,16,nominal_physics,200,250.33714129581162
0.02,16,calibrated_physics,10,4.497735517361434e-09
0.02,16,calibrated_physics,50,1.691031059181114e-05
0.02,16,calibrated_physics,100,0.00017932743674009544
0.02,16,calibrated_physics,200,0.001340881914018155
0.02,17,rk4_oracle,10,0.0
0.02,17,rk4_oracle,50,0.0
0.02,17,rk4_oracle,100,0.0
0.02,17,rk4_oracle,200,0.0
0.02,17,nominal_physics,10,78.79546743233976
0.02,17,nominal_physics,50,237.18237573761354
0.02,17,nominal_physics,100,274.05517813668166
0.02,17,nominal_physics,200,229.44389848785252
0.02,17,calibrated_physics,10,6.545178621308878e-09
0.02,17,calibrated_physics,50,2.1380409123139543e-05
0.02,17,calibrated_physics,100,0.0002229615431019738
0.02,17,calibrated_physics,200,0.001615076594077891
0.02,18,rk4_oracle,10,0.0
0.02,18,rk4_oracle,50,0.0
0.02,18,rk4_oracle,100,0.0
0.02,18,rk4_oracle,200,0.0
0.02,18,nominal_physics,10,82.2879821112794
0.02,18,nominal_physics,50,251.00953110614606
0.02,18,nominal_physics,100,296.05273954617473
0.02,18,nominal_physics,200,260.3616003271188
0.02,18,calibrated_physics,10,3.1362219488073606e-09
0.02,18,calibrated_physics,50,1.2954770511441893e-05
0.02,18,calibrated_physics,100,0.00013877935384698503
0.02,18,calibrated_physics,200,0.001057875959077137
0.02,19,rk4_oracle,10,0.0
0.02,19,rk4_oracle,50,0.0
0.02,19,rk4_oracle,100,0.0
0.02,19,rk4_oracle,200,0.0
0.02,19,nominal_physics,10,80.15161385327423
0.02,19,nominal_physics,50,243.73225017641494
0.02,19,nominal_physics,100,286.0874808278999
0.02,19,nominal_physics,200,248.71383391583853
0.02,19,calibrated_physics,10,3.5691414268512744e-09
0.02,19,calibrated_physics,50,1.3888782291360258e-05
0.02,19,calibrated_physics,100,0.0001478454083780889
0.02,19,calibrated_physics,200,0.0011134808619885916
0.02,20,rk4_oracle,10,0.0
0.02,20,rk4_oracle,50,0.0
0.02,20,rk4_oracle,100,0.0
0.02,20,rk4_oracle,200,0.0
0.02,20,nominal_physics,10,71.38525382178528
0.02,20,nominal_physics,50,216.95130447110654
0.02,20,nominal_physics,100,254.4267311495249
0.02,20,nominal_physics,200,220.710939611132
0.02,20,calibrated_physics,10,3.2872549127205275e-09
0.02,20,calibrated_physics,50,1.2675237201165146e-05
0.02,20,calibrated_physics,100,0.00013478807414912808
0.02,20,calibrated_physics,200,0.0010131522499250423
0.02,21,rk4_oracle,10,0.0
0.02,21,rk4_oracle,50,0.0
0.02,21,rk4_oracle,100,0.0
0.02,21,rk4_oracle,200,0.0
0.02,21,nominal_physics,10,65.05639373529908
0.02,21,nominal_physics,50,196.81733807806427
0.02,21,nominal_physics,100,229.19535792117605
0.02,21,nominal_physics,200,195.5073553265603
0.02,21,calibrated_physics,10,3.2852653930603992e-09
0.02,21,calibrated_physics,50,1.1662648716992408e-05
0.02,21,calibrated_physics,100,0.00012286531165273118
0.02,21,calibrated_physics,200,0.0009072870659281307
0.02,22,rk4_oracle,10,0.0
0.02,22,rk4_oracle,50,0.0
0.02,22,rk4_oracle,100,0.0
0.02,22,rk4_oracle,200,0.0
0.02,22,nominal_physics,10,68.52030968249142
0.02,22,nominal_physics,50,208.64430572193237
0.02,22,nominal_physics,100,245.41315063294238
0.02,22,nominal_physics,200,214.41577294893128
0.02,22,calibrated_physics,10,2.5571580408723094e-09
0.02,22,calibrated_physics,50,1.0221416403055628e-05
0.02,22,calibrated_physics,100,0.00010911207868957717
0.02,22,calibrated_physics,200,0.0008261599068930536
0.02,23,rk4_oracle,10,0.0
0.02,23,rk4_oracle,50,0.0
0.02,23,rk4_oracle,100,0.0
0.02,23,rk4_oracle,200,0.0
0.02,23,nominal_physics,10,70.12532972116367
0.02,23,nominal_physics,50,214.4298677803377
0.02,23,nominal_physics,100,253.86154300256638
0.02,23,nominal_physics,200,225.26677137496722
0.02,23,calibrated_physics,10,2.1438495423353743e-09
0.02,23,calibrated_physics,50,9.302564421886927e-06
0.02,23,calibrated_physics,100,0.00010015927324502627
0.02,23,calibrated_physics,200,0.0007708717781156338
0.02,24,rk4_oracle,10,0.0
0.02,24,rk4_oracle,50,0.0
0.02,24,rk4_oracle,100,0.0
0.02,24,rk4_oracle,200,0.0
0.02,24,nominal_physics,10,70.02006075847561
0.02,24,nominal_physics,50,214.0272816881972
0.02,24,nominal_physics,100,253.23741509432153
0.02,24,nominal_physics,200,224.40160230112008
0.02,24,calibrated_physics,10,2.1478854250744916e-09
0.02,24,calibrated_physics,50,9.249746881323517e-06
0.02,24,calibrated_physics,100,9.95121387177278e-05
0.02,24,calibrated_physics,200,0.0007647396820971153
0.02,25,rk4_oracle,10,0.0
0.02,25,rk4_oracle,50,0.0
0.02,25,rk4_oracle,100,0.0
0.02,25,rk4_oracle,200,0.0
0.02,25,nominal_physics,10,79.19078605081569
0.02,25,nominal_physics,50,243.21138029183325
0.02,25,nominal_physics,100,289.8934337934864
0.02,25,nominal_physics,200,261.4476899168416
0.02,25,calibrated_physics,10,1.952685124706477e-09
0.02,25,calibrated_physics,50,9.2817134031975e-06
0.02,25,calibrated_physics,100,0.00010082154460633319
0.02,25,calibrated_physics,200,0.0007891772002039943
0.02,26,rk4_oracle,10,0.0
0.02,26,rk4_oracle,50,0.0
0.02,26,rk4_oracle,100,0.0
0.02,26,rk4_oracle,200,0.0
0.02,26,nominal_physics,10,68.31161961921606
0.02,26,nominal_physics,50,205.7016993957055
0.02,26,nominal_physics,100,237.81658320584438
0.02,26,nominal_physics,200,199.37376396055956
0.02,26,calibrated_physics,10,5.074753062217496e-09
0.02,26,calibrated_physics,50,1.667524350068561e-05
0.02,26,calibrated_physics,100,0.0001740345319944936
0.02,26,calibrated_physics,200,0.0012625755796307203
0.02,27,rk4_oracle,10,0.0
0.02,27,rk4_oracle,50,0.0
0.02,27,rk4_oracle,100,0.0
0.02,27,rk4_oracle,200,0.0
0.02,27,nominal_physics,10,64.69085474229962
0.02,27,nominal_physics,50,193.58122442173593
0.02,27,nominal_physics,100,221.6482651459524
0.02,27,nominal_physics,200,181.5541499180241
0.02,27,calibrated_physics,10,6.676998509647092e-09
0.02,27,calibrated_physics,50,1.991596093375847e-05
0.02,27,calibrated_physics,100,0.00020525272054783272
0.02,27,calibrated_physics,200,0.0014541090824593539
0.02,28,rk4_oracle,10,0.0
0.02,28,rk4_oracle,50,0.0
0.02,28,rk4_oracle,100,0.0
0.02,28,rk4_oracle,200,0.0
0.02,28,nominal_physics,10,70.46329889091584
0.02,28,nominal_physics,50,214.91387237798835
0.02,28,nominal_physics,100,253.43223745087096
0.02,28,nominal_physics,200,222.77801887688454
0.02,28,calibrated_physics,10,2.363321982556954e-09
0.02,28,calibrated_physics,50,9.743049815824634e-06
0.02,28,calibrated_physics,100,0.00010434988678298396
0.02,28,calibrated_physics,200,0.0007950877115376898
0.02,29,rk4_oracle,10,0.0
0.02,29,rk4_oracle,50,0.0
0.02,29,rk4_oracle,100,0.0
0.02,29,rk4_oracle,200,0.0
0.02,29,nominal_physics,10,66.85652152963092
0.02,29,nominal_physics,50,203.44455274983062
0.02,29,nominal_physics,100,239.0517346606915
0.02,29,nominal_physics,200,208.33427499660294
0.02,29,calibrated_physics,10,2.8934437068528496e-09
0.02,29,calibrated_physics,50,1.1427361755522725e-05
0.02,29,calibrated_physics,100,0.0001218436914882659
0.02,29,calibrated_physics,200,0.0009205217907322094
0.05,0,rk4_oracle,10,0.0
0.05,0,rk4_oracle,50,0.0
0.05,0,rk4_oracle,100,0.0
0.05,0,rk4_oracle,200,0.0
0.05,0,nominal_physics,10,81.4222584871398
0.05,0,nominal_physics,50,244.08248665857522
0.05,0,nominal_physics,100,280.2404449205946
0.05,0,nominal_physics,200,231.06565120214628
0.05,0,calibrated_physics,10,2.4716086954867933e-08
0.05,0,calibrated_physics,50,7.57118222054487e-05
0.05,0,calibrated_physics,100,0.000783065025018459
0.05,0,calibrated_physics,200,0.005584943145265697
0.05,1,rk4_oracle,10,0.0
0.05,1,rk4_oracle,50,0.0
0.05,1,rk4_oracle,100,0.0
0.05,1,rk4_oracle,200,0.0
0.05,1,nominal_physics,10,81.28715741539315
0.05,1,nominal_physics,50,243.33303269493925
0.05,1,nominal_physics,100,278.77269929057223
0.05,1,nominal_physics,200,228.66646936857296
0.05,1,calibrated_physics,10,2.4993596525746398e-08
0.05,1,calibrated_physics,50,7.49157142081458e-05
0.05,1,calibrated_physics,100,0.0007725693877205231
0.05,1,calibrated_physics,200,0.005479871849132678
0.05,2,rk4_oracle,10,0.0
0.05,2,rk4_oracle,50,0.0
0.05,2,rk4_oracle,100,0.0
0.05,2,rk4_oracle,200,0.0
0.05,2,nominal_physics,10,81.33093535651102
0.05,2,nominal_physics,50,246.19204781814162
0.05,2,nominal_physics,100,286.9426738795127
0.05,2,nominal_physics,200,245.27852152934875
0.05,2,calibrated_physics,10,1.2691941719822353e-08
0.05,2,calibrated_physics,50,4.5480384926577244e-05
0.05,2,calibrated_physics,100,0.0004796730517000469
0.05,2,calibrated_physics,200,0.0035496864600190747
0.05,3,rk4_oracle,10,0.0
0.05,3,rk4_oracle,50,0.0
0.05,3,rk4_oracle,100,0.0
0.05,3,rk4_oracle,200,0.0
0.05,3,nominal_physics,10,68.33690372352106
0.05,3,nominal_physics,50,205.49720208301065
0.05,3,nominal_physics,100,237.07992677782187
0.05,3,nominal_physics,200,197.75325769914963
0.05,3,calibrated_physics,10,1.4515308066620491e-08
0.05,3,calibrated_physics,50,4.666992873580966e-05
0.05,3,calibrated_physics,100,0.00048574197143125275
0.05,3,calibrated_physics,200,0.003505713635149732
0.05,4,rk4_oracle,10,0.0
0.05,4,rk4_oracle,50,0.0
0.05,4,rk4_oracle,100,0.0
0.05,4,rk4_oracle,200,0.0
0.05,4,nominal_physics,10,72.91842595575133
0.05,4,nominal_physics,50,221.82905371638063
0.05,4,nominal_physics,100,260.5458749834307
0.05,4,nominal_physics,200,226.86062506662728
0.05,4,calibrated_physics,10,7.377252586593386e-09
0.05,4,calibrated_physics,50,2.8920333875248616e-05
0.05,4,calibrated_physics,100,0.0003081039055814472
0.05,4,calibrated_physics,200,0.0023240202213798966
0.05,5,rk4_oracle,10,0.0
0.05,5,rk4_oracle,50,0.0
0.05,5,rk4_oracle,100,0.0
0.05,5,rk4_oracle,200,0.0
0.05,5,nominal_physics,10,77.04938550888926
0.05,5,nominal_physics,50,234.34574318774276
0.05,5,nominal_physics,100,275.15238217765295
0.05,5,nominal_physics,200,239.36611840649573
0.05,5,calibrated_physics,10,9.991481420001946e-09
0.05,5,calibrated_physics,50,3.9073888842722226e-05
0.05,5,calibrated_physics,100,0.0004161726440656821
0.05,5,calibrated_physics,200,0.0031377162529224734
0.05,6,rk4_oracle,10,0.0
0.05,6,rk4_oracle,50,0.0
0.05,6,rk4_oracle,100,0.0
0.05,6,rk4_oracle,200,0.0
0.05,6,nominal_physics,10,79.08715806255225
0.05,6,nominal_physics,50,240.60755429667552
0.05,6,nominal_physics,100,282.6233464885785
0.05,6,nominal_physics,200,246.12479942258108
0.05,6,calibrated_physics,10,9.03571617527632e-09
0.05,6,calibrated_physics,50,3.54636381985074e-05
0.05,6,calibrated_physics,100,0.0003778690593776446
0.05,6,calibrated_physics,200,0.0028510600664617414
0.05,7,rk4_oracle,10,0.0
0.05,7,rk4_oracle,50,0.0
0.05,7,rk4_oracle,100,0.0
0.05,7,rk4_oracle,200,0.0
0.05,7,nominal_physics,10,77.1086369377893
0.05,7,nominal_physics,50,235.71085406240198
0.05,7,nominal_physics,100,278.9247050885164
0.05,7,nominal_physics,200,247.23670657066214
0.05,7,calibrated_physics,10,6.275740815908648e-09
0.05,7,calibrated_physics,50,2.7026900397686404e-05
0.05,7,calibrated_physics,100,0.00029077720341774693
0.05,7,calibrated_physics,200,0.0022347783585132674
0.05,8,rk4_oracle,10,0.0
0.05,8,rk4_oracle,50,0.0
0.05,8,rk4_oracle,100,0.0
0.05,8,rk4_oracle,200,0.0
0.05,8,nominal_physics,10,68.11064468678308
0.05,8,nominal_physics,50,207.7401252908314
0.05,8,nominal_physics,100,244.97601522503956
0.05,8,nominal_physics,200,215.35046100360964
0.05,8,calibrated_physics,10,5.844299266755115e-09
0.05,8,calibrated_physics,50,2.407959544825644e-05
0.05,8,calibrated_physics,100,0.0002579034552923076
0.05,8,calibrated_physics,200,0.00196518188306527
0.05,9,rk4_oracle,10,0.0
0.05,9,rk4_oracle,50,0.0
0.05,9,rk4_oracle,100,0.0
0.05,9,rk4_oracle,200,0.0
0.05,9,nominal_physics,10,78.2324626880237
0.05,9,nominal_physics,50,239.32189544432686
0.05,9,nominal_physics,100,283.51960772334854
0.05,9,nominal_physics,200,251.99194523655802
0.05,9,calibrated_physics,10,6.280743036768399e-09
0.05,9,calibrated_physics,50,2.7457943247100047e-05
0.05,9,calibrated_physics,100,0.0002958612282100148
0.05,9,calibrated_physics,200,0.002280413547680382
0.05,10,rk4_oracle,10,0.0
0.05,10,rk4_oracle,50,0.0
0.05,10,rk4_oracle,100,0.0
0.05,10,rk4_oracle,200,0.0
0.05,10,nominal_physics,10,68.10435070762293
0.05,10,nominal_physics,50,207.0889231882752
0.05,10,nominal_physics,100,243.05863982748974
0.05,10,nominal_physics,200,211.262218700076
0.05,10,calibrated_physics,10,7.427559012285201e-09
0.05,10,calibrated_physics,50,2.890091388962901e-05
0.05,10,calibrated_physics,100,0.00030765017635303593
0.05,10,calibrated_physics,200,0.002317063431206634
0.05,11,rk4_oracle,10,0.0
0.05,11,rk4_oracle,50,0.0
0.05,11,rk4_oracle,100,0.0
0.05,11,rk4_oracle,200,0.0
0.05,11,nominal_physics,10,74.11646265225465
0.05,11,nominal_physics,50,226.1528723761504
0.05,11,nominal_physics,100,266.8630337853188
0.05,11,nominal_physics,200,234.96075887090825
0.05,11,calibrated_physics,10,6.410004971257877e-09
0.05,11,calibrated_physics,50,2.6625094221799372e-05
0.05,11,calibrated_physics,100,0.0002853941629155088
0.05,11,calibrated_physics,200,0.002177959957407438
0.05,12,rk4_oracle,10,0.0
0.05,12,rk4_oracle,50,0.0
0.05,12,rk4_oracle,100,0.0
0.05,12,rk4_oracle,200,0.0
0.05,12,nominal_physics,10,77.5289865233749
0.05,12,nominal_physics,50,232.25049927076492
0.05,12,nominal_physics,100,266.3718383421874
0.05,12,nominal_physics,200,219.07494281153356
0.05,12,calibrated_physics,10,2.2410802102967864e-08
0.05,12,calibrated_physics,50,6.791467632183412e-05
0.05,12,calibrated_physics,100,0.0007014088168375565
0.05,12,calibrated_physics,200,0.004988994356949661
0.05,13,rk4_oracle,10,0.0
0.05,13,rk4_oracle,50,0.0
0.05,13,rk4_oracle,100,0.0
0.05,13,rk4_oracle,200,0.0
0.05,13,nominal_physics,10,73.6080695863235
0.05,13,nominal_physics,50,221.47102583048527
0.05,13,nominal_physics,100,255.72601780744168
0.05,13,nominal_physics,200,213.73425212883063
0.05,13,calibrated_physics,10,1.7359297999064438e-08
0.05,13,calibrated_physics,50,5.6345573852922826e-05
0.05,13,calibrated_physics,100,0.0005871500279113206
0.05,13,calibrated_physics,200,0.004247202343094614
0.05,14,rk4_oracle,10,0.0
0.05,14,rk4_oracle,50,0.0
0.05,14,rk4_oracle,100,0.0
0.05,14,rk4_oracle,200,0.0
0.05,14,nominal_physics,10,65.92772832903296
0.05,14,nominal_physics,50,199.01102157002103
0.05,14,nominal_physics,100,230.95593419885387
0.05,14,nominal_physics,200,195.39456045589867
0.05,14,calibrated_physics,10,1.0242445114272414e-08
0.05,14,calibrated_physics,50,3.502591130200017e-05
0.05,14,calibrated_physics,100,0.00036734755150291676
0.05,14,calibrated_physics,200,0.002689772323321904
0.05,15,rk4_oracle,10,0.0
0.05,15,rk4_oracle,50,0.0
0.05,15,rk4_oracle,100,0.0
0.05,15,rk4_oracle,200,0.0
0.05,15,nominal_physics,10,67.00293979583995
0.05,15,nominal_physics,50,203.0025836768616
0.05,15,nominal_physics,100,236.93293137192836
0.05,15,nominal_physics,200,203.20654141939175
0.05,15,calibrated_physics,10,8.06835487310309e-09
0.05,15,calibrated_physics,50,2.9363045598529425e-05
0.05,15,calibrated_physics,100,0.0003102411140503136
0.05,15,calibrated_physics,200,0.002303646295786166
0.05,16,rk4_oracle,10,0.0
0.05,16,rk4_oracle,50,0.0
0.05,16,rk4_oracle,100,0.0
0.05,16,rk4_oracle,200,0.0
0.05,16,nominal_physics,10,76.18542957279993
0.05,16,nominal_physics,50,232.02916187858264
0.05,16,nominal_physics,100,273.00055750855955
0.05,16,nominal_physics,200,238.69047876022972
0.05,16,calibrated_physics,10,8.072277069004485e-09
0.05,16,calibrated_physics,50,3.233462382468133e-05
0.05,16,calibrated_physics,100,0.0003452924859743689
0.05,16,calibrated_physics,200,0.002616255968121095
0.05,17,rk4_oracle,10,0.0
0.05,17,rk4_oracle,50,0.0
0.05,17,rk4_oracle,100,0.0
0.05,17,rk4_oracle,200,0.0
0.05,17,nominal_physics,10,71.62690644790973
0.05,17,nominal_physics,50,219.0623899254836
0.05,17,nominal_physics,100,259.42100409828157
0.05,17,nominal_physics,200,230.35873579736514
0.05,17,calibrated_physics,10,5.840831818204606e-09
0.05,17,calibrated_physics,50,2.545476132809199e-05
0.05,17,calibrated_physics,100,0.0002741719799814746
0.05,17,calibrated_physics,200,0.002111700467310129
0.05,18,rk4_oracle,10,0.0
0.05,18,rk4_oracle,50,0.0
0.05,18,rk4_oracle,100,0.0
0.05,18,rk4_oracle,200,0.0
0.05,18,nominal_physics,10,69.62351910893545
0.05,18,nominal_physics,50,211.25536922727053
0.05,18,nominal_physics,100,247.12642335058084
0.05,18,nominal_physics,200,213.08554157426505
0.05,18,calibrated_physics,10,9.920881893776823e-09
0.05,18,calibrated_physics,50,3.7168467827086715e-05
0.05,18,calibrated_physics,100,0.0003940003117577362
0.05,18,calibrated_physics,200,0.002943842482011405
0.05,19,rk4_oracle,10,0.0
0.05,19,rk4_oracle,50,0.0
0.05,19,rk4_oracle,100,0.0
0.05,19,rk4_oracle,200,0.0
0.05,19,nominal_physics,10,69.2516649855931
0.05,19,nominal_physics,50,210.66197821514677
0.05,19,nominal_physics,100,247.40705379784995
0.05,19,nominal_physics,200,215.370969854205
0.05,19,calibrated_physics,10,6.8920371631975286e-09
0.05,19,calibrated_physics,50,2.700277889289282e-05
0.05,19,calibrated_physics,100,0.00028765037740186017
0.05,19,calibrated_physics,200,0.002169384274395725
0.05,20,rk4_oracle,10,0.0
0.05,20,rk4_oracle,50,0.0
0.05,20,rk4_oracle,100,0.0
0.05,20,rk4_oracle,200,0.0
0.05,20,nominal_physics,10,79.94952045505187
0.05,20,nominal_physics,50,241.91804196229097
0.05,20,nominal_physics,100,281.7948191769123
0.05,20,nominal_physics,200,240.53766297548842
0.05,20,calibrated_physics,10,1.258973725271062e-08
0.05,20,calibrated_physics,50,4.482554942342176e-05
0.05,20,calibrated_physics,100,0.00047240246880164705
0.05,20,calibrated_physics,200,0.0034907835992044056
0.05,21,rk4_oracle,10,0.0
0.05,21,rk4_oracle,50,0.0
0.05,21,rk4_oracle,100,0.0
0.05,21,rk4_oracle,200,0.0
0.05,21,nominal_physics,10,77.62779531276198
0.05,21,nominal_physics,50,233.59265665203722
0.05,21,nominal_physics,100,269.77364798666645
0.05,21,nominal_physics,200,225.5898750725625
0.05,21,calibrated_physics,10,1.7190245671372395e-08
0.05,21,calibrated_physics,50,5.584914788414608e-05
0.05,21,calibrated_physics,100,0.0005820358713890528
0.05,21,calibrated_physics,200,0.004211009928610565
0.05,22,rk4_oracle,10,0.0
0.05,22,rk4_oracle,50,0.0
0.05,22,rk4_oracle,100,0.0
0.05,22,rk4_oracle,200,0.0
0.05,22,nominal_physics,10,71.54325531466378
0.05,22,nominal_physics,50,214.7348373292948
0.05,22,nominal_physics,100,247.02024962500724
0.05,22,nominal_physics,200,204.62235978826715
0.05,22,calibrated_physics,10,1.6994761153910076e-08
0.05,22,calibrated_physics,50,5.3040154284644814e-05
0.05,22,calibrated_physics,100,0.0005499238355923808
0.05,22,calibrated_physics,200,0.003940258601403457
0.05,23,rk4_oracle,10,0.0
0.05,23,rk4_oracle,50,0.0
0.05,23,rk4_oracle,100,0.0
0.05,23,rk4_oracle,200,0.0
0.05,23,nominal_physics,10,78.41172204019784
0.05,23,nominal_physics,50,235.0208624845344
0.05,23,nominal_physics,100,269.7717199001761
0.05,23,nominal_physics,200,222.30818653651426
0.05,23,calibrated_physics,10,2.2707695279677864e-08
0.05,23,calibrated_physics,50,6.938377299547938e-05
0.05,23,calibrated_physics,100,0.0007173737212724518
0.05,23,calibrated_physics,200,0.005113170235603093
0.05,24,rk4_oracle,10,0.0
0.05,24,rk4_oracle,50,0.0
0.05,24,rk4_oracle,100,0.0
0.05,24,rk4_oracle,200,0.0
0.05,24,nominal_physics,10,73.20560921212387
0.05,24,nominal_physics,50,222.13690423216912
0.05,24,nominal_physics,100,259.8809550573744
0.05,24,nominal_physics,200,224.1469816999906
0.05,24,calibrated_physics,10,9.768200470716693e-09
0.05,24,calibrated_physics,50,3.6580197217972454e-05
0.05,24,calibrated_physics,100,0.00038775158793669107
0.05,24,calibrated_physics,200,0.002896969296699581
0.05,25,rk4_oracle,10,0.0
0.05,25,rk4_oracle,50,0.0
0.05,25,rk4_oracle,100,0.0
0.05,25,rk4_oracle,200,0.0
0.05,25,nominal_physics,10,66.15591152158783
0.05,25,nominal_physics,50,198.4159262097677
0.05,25,nominal_physics,100,227.98355358332017
0.05,25,nominal_physics,200,188.32902172765026
0.05,25,calibrated_physics,10,1.5285706922441022e-08
0.05,25,calibrated_physics,50,4.717336844350939e-05
0.05,25,calibrated_physics,100,0.0004883594351667853
0.05,25,calibrated_physics,200,0.0034892191714561704
0.05,26,rk4_oracle,10,0.0
0.05,26,rk4_oracle,50,0.0
0.05,26,rk4_oracle,100,0.0
0.05,26,rk4_oracle,200,0.0
0.05,26,nominal_physics,10,75.79763903124177
0.05,26,nominal_physics,50,228.62739135494488
0.05,26,nominal_physics,100,265.0073386177197
0.05,26,nominal_physics,200,223.5503215238599
0.05,26,calibrated_physics,10,1.513768665972748e-08
0.05,26,calibrated_physics,50,5.11306657813293e-05
0.05,26,calibrated_physics,100,0.0005354576564968738
0.05,26,calibrated_physics,200,0.003909731016563001
0.05,27,rk4_oracle,10,0.0
0.05,27,rk4_oracle,50,0.0
0.05,27,rk4_oracle,100,0.0
0.05,27,rk4_oracle,200,0.0
0.05,27,nominal_physics,10,72.19259665635929
0.05,27,nominal_physics,50,219.0713438278418
0.05,27,nominal_physics,100,256.31063218482586
0.05,27,nominal_physics,200,221.10540898383445
0.05,27,calibrated_physics,10,8.99348151506274e-09
0.05,27,calibrated_physics,50,3.368959545468897e-05
0.05,27,calibrated_physics,100,0.0003571177649632773
0.05,27,calibrated_physics,200,0.002668191247124696
0.05,28,rk4_oracle,10,0.0
0.05,28,rk4_oracle,50,0.0
0.05,28,rk4_oracle,100,0.0
0.05,28,rk4_oracle,200,0.0
0.05,28,nominal_physics,10,68.45960612936665
0.05,28,nominal_physics,50,206.50444745833715
0.05,28,nominal_physics,100,239.38315865649594
0.05,28,nominal_physics,200,201.9730364241493
0.05,28,calibrated_physics,10,1.2321947906457353e-08
0.05,28,calibrated_physics,50,4.165948359968752e-05
0.05,28,calibrated_physics,100,0.0004363196254075774
0.05,28,calibrated_physics,200,0.003186509604802268
0.05,29,rk4_oracle,10,0.0
0.05,29,rk4_oracle,50,0.0
0.05,29,rk4_oracle,100,0.0
0.05,29,rk4_oracle,200,0.0
0.05,29,nominal_physics,10,63.61375938202036
0.05,29,nominal_physics,50,190.79930876995638
0.05,29,nominal_physics,100,219.2443686318743
0.05,29,nominal_physics,200,181.12814927972846
0.05,29,calibrated_physics,10,1.4936063053028192e-08
0.05,29,calibrated_physics,50,4.613663037389415e-05
0.05,29,calibrated_physics,100,0.00047770599906016287
0.05,29,calibrated_physics,200,0.0034141688259126113
0.1,0,rk4_oracle,10,0.0
0.1,0,rk4_oracle,50,0.0
0.1,0,rk4_oracle,100,0.0
0.1,0,rk4_oracle,200,0.0
0.1,0,nominal_physics,10,66.89612308685139
0.1,0,nominal_physics,50,203.53703926630186
0.1,0,nominal_physics,100,239.1141413349826
0.1,0,nominal_physics,200,208.31227471074837
0.1,0,calibrated_physics,10,1.2938187410327373e-08
0.1,0,calibrated_physics,50,5.082128797084806e-05
0.1,0,calibrated_physics,100,0.0005415555941112871
0.1,0,calibrated_physics,200,0.00408682254126802
0.1,1,rk4_oracle,10,0.0
0.1,1,rk4_oracle,50,0.0
0.1,1,rk4_oracle,100,0.0
0.1,1,rk4_oracle,200,0.0
0.1,1,nominal_physics,10,78.82421813524275
0.1,1,nominal_physics,50,240.31099847467163
0.1,1,nominal_physics,100,283.1925422123325
0.1,1,nominal_physics,200,248.54387447009424
0.1,1,calibrated_physics,10,1.6997546481434256e-08
0.1,1,calibrated_physics,50,6.940655413245622e-05
0.1,1,calibrated_physics,100,0.0007426682500977222
0.1,1,calibrated_physics,200,0.005648823106866985
0.1,2,rk4_oracle,10,0.0
0.1,2,rk4_oracle,50,0.0
0.1,2,rk4_oracle,100,0.0
0.1,2,rk4_oracle,200,0.0
0.1,2,nominal_physics,10,69.3952142613179
0.1,2,nominal_physics,50,208.69548781542477
0.1,2,nominal_physics,100,240.7992736120575
0.1,2,nominal_physics,200,200.9197753806809
0.1,2,calibrated_physics,10,3.064053544221679e-08
0.1,2,calibrated_physics,50,9.857720124273328e-05
0.1,2,calibrated_physics,100,0.0010260634886094522
0.1,2,calibrated_physics,200,0.00740637430692459
0.1,3,rk4_oracle,10,0.0
0.1,3,rk4_oracle,50,0.0
0.1,3,rk4_oracle,100,0.0
0.1,3,rk4_oracle,200,0.0
0.1,3,nominal_physics,10,72.34566859733928
0.1,3,nominal_physics,50,221.42721425456415
0.1,3,nominal_physics,100,262.52893452234025
0.1,3,nominal_physics,200,233.77987760753393
0.1,3,calibrated_physics,10,1.1204463135072729e-08
0.1,3,calibrated_physics,50,4.9503209766044165e-05
0.1,3,calibrated_physics,100,0.0005339498788998753
0.1,3,calibrated_physics,200,0.004123662466440692
0.1,4,rk4_oracle,10,0.0
0.1,4,rk4_oracle,50,0.0
0.1,4,rk4_oracle,100,0.0
0.1,4,rk4_oracle,200,0.0
0.1,4,nominal_physics,10,67.31420450825993
0.1,4,nominal_physics,50,204.1445781570855
0.1,4,nominal_physics,100,238.6238219708927
0.1,4,nominal_physics,200,205.3872385894665
0.1,4,calibrated_physics,10,1.783075731509598e-08
0.1,4,calibrated_physics,50,6.606155534427671e-05
0.1,4,calibrated_physics,100,0.0006994156249220396
0.1,4,calibrated_physics,200,0.00521364109064848
0.1,5,rk4_oracle,10,0.0
0.1,5,rk4_oracle,50,0.0
0.1,5,rk4_oracle,100,0.0
0.1,5,rk4_oracle,200,0.0
0.1,5,nominal_physics,10,66.6948614987071
0.1,5,nominal_physics,50,204.34973480175296
0.1,5,nominal_physics,100,242.68137750663317
0.1,5,nominal_physics,200,216.95677706844924
0.1,5,calibrated_physics,10,9.163898084807443e-09
0.1,5,calibrated_physics,50,4.142271541240916e-05
0.1,5,calibrated_physics,100,0.0004477859941971474
0.1,5,calibrated_physics,200,0.00347292282106082
0.1,6,rk4_oracle,10,0.0
0.1,6,rk4_oracle,50,0.0
0.1,6,rk4_oracle,100,0.0
0.1,6,rk4_oracle,200,0.0
0.1,6,nominal_physics,10,71.91129848669328
0.1,6,nominal_physics,50,215.69236520019768
0.1,6,nominal_physics,100,247.8613181694125
0.1,6,nominal_physics,200,204.8041129795092
0.1,6,calibrated_physics,10,3.806417225860059e-08
0.1,6,calibrated_physics,50,0.00011751410869464962
0.1,6,calibrated_physics,100,0.001216669526968417
0.1,6,calibrated_physics,200,0.008694460810630744
0.1,7,rk4_oracle,10,0.0
0.1,7,rk4_oracle,50,0.0
0.1,7,rk4_oracle,100,0.0
0.1,7,rk4_oracle,200,0.0
0.1,7,nominal_physics,10,76.25416372687926
0.1,7,nominal_physics,50,231.39947489186656
0.1,7,nominal_physics,100,270.73990878870853
0.1,7,nominal_physics,200,233.56267082056408
0.1,7,calibrated_physics,10,2.212641447840724e-08
0.1,7,calibrated_physics,50,8.288762438724007e-05
0.1,7,calibrated_physics,100,0.0008786492272747637
0.1,7,calibrated_physics,200,0.00656516674280283
0.1,8,rk4_oracle,10,0.0
0.1,8,rk4_oracle,50,0.0
0.1,8,rk4_oracle,100,0.0
0.1,8,rk4_oracle,200,0.0
0.1,8,nominal_physics,10,76.60068598984202
0.1,8,nominal_physics,50,233.04993243680207
0.1,8,nominal_physics,100,273.75968190188115
0.1,8,nominal_physics,200,238.43817872570747
0.1,8,calibrated_physics,10,1.7503282379038865e-08
0.1,8,calibrated_physics,50,6.868059682574312e-05
0.1,8,calibrated_physics,100,0.0007317954960512907
0.1,8,calibrated_physics,200,0.005521465187143804
0.1,9,rk4_oracle,10,0.0
0.1,9,rk4_oracle,50,0.0
0.1,9,rk4_oracle,100,0.0
0.1,9,rk4_oracle,200,0.0
0.1,9,nominal_physics,10,74.4794232090635
0.1,9,nominal_physics,50,226.4788477764144
0.1,9,nominal_physics,100,265.8257592572822
0.1,9,nominal_physics,200,231.07181545289998
0.1,9,calibrated_physics,10,1.901838686535484e-08
0.1,9,calibrated_physics,50,7.400073911867366e-05
0.1,9,calibrated_physics,100,0.000787739951306321
0.1,9,calibrated_physics,200,0.005932957245704529
0.1,10,rk4_oracle,10,0.0
0.1,10,rk4_oracle,50,0.0
0.1,10,rk4_oracle,100,0.0
0.1,10,rk4_oracle,200,0.0
0.1,10,nominal_physics,10,73.29739463713918
0.1,10,nominal_physics,50,222.23474023103162
0.1,10,nominal_physics,100,259.67044729014503
0.1,10,nominal_physics,200,223.30170683860885
0.1,10,calibrated_physics,10,2.0820323243242456e-08
0.1,10,calibrated_physics,50,7.678407320099723e-05
0.1,10,calibrated_physics,100,0.0008124971443521645
0.1,10,calibrated_physics,200,0.006050355449019662
0.1,11,rk4_oracle,10,0.0
0.1,11,rk4_oracle,50,0.0
0.1,11,rk4_oracle,100,0.0
0.1,11,rk4_oracle,200,0.0
0.1,11,nominal_physics,10,77.86752872143268
0.1,11,nominal_physics,50,236.40817027303805
0.1,11,nominal_physics,100,276.80238216810204
0.1,11,nominal_physics,200,239.20202719115665
0.1,11,calibrated_physics,10,2.477349880791735e-08
0.1,11,calibrated_physics,50,9.369209413989665e-05
0.1,11,calibrated_physics,100,0.0009942462917820194
0.1,11,calibrated_physics,200,0.007444034352147355
0.1,12,rk4_oracle,10,0.0
0.1,12,rk4_oracle,50,0.0
0.1,12,rk4_oracle,100,0.0
0.1,12,rk4_oracle,200,0.0
0.1,12,nominal_physics,10,79.14859856894225
0.1,12,nominal_physics,50,238.96896192911694
0.1,12,nominal_physics,100,277.41438489156394
0.1,12,nominal_physics,200,234.86716788012558
0.1,12,calibrated_physics,10,3.396473857719684e-08
0.1,12,calibrated_physics,50,0.00011658337450626277
0.1,12,calibrated_physics,100,0.0012232904461484395
0.1,12,calibrated_physics,200,0.00896527202468178
0.1,13,rk4_oracle,10,0.0
0.1,13,rk4_oracle,50,0.0
0.1,13,rk4_oracle,100,0.0
0.1,13,rk4_oracle,200,0.0
0.1,13,nominal_physics,10,72.81600819770341
0.1,13,nominal_physics,50,221.17716814524687
0.1,13,nominal_physics,100,259.1622947988905
0.1,13,nominal_physics,200,224.36846316209812
0.1,13,calibrated_physics,10,1.866101229097694e-08
0.1,13,calibrated_physics,50,7.111539071047446e-05
0.1,13,calibrated_physics,100,0.0007553059389806549
0.1,13,calibrated_physics,200,0.005664148712298811
0.1,14,rk4_oracle,10,0.0
0.1,14,rk4_oracle,50,0.0
0.1,14,rk4_oracle,100,0.0
0.1,14,rk4_oracle,200,0.0
0.1,14,nominal_physics,10,68.5248640761306
0.1,14,nominal_physics,50,204.28112797899826
0.1,14,nominal_physics,100,232.54391632452507
0.1,14,nominal_physics,200,187.8498798447725
0.1,14,calibrated_physics,10,4.809419351659017e-08
0.1,14,calibrated_physics,50,0.00013564434721047292
0.1,14,calibrated_physics,100,0.0013871553989019958
0.1,14,calibrated_physics,200,0.009685658005906816
0.1,15,rk4_oracle,10,0.0
0.1,15,rk4_oracle,50,0.0
0.1,15,rk4_oracle,100,0.0
0.1,15,rk4_oracle,200,0.0
0.1,15,nominal_physics,10,79.02456188826903
0.1,15,nominal_physics,50,237.833175708231
0.1,15,nominal_physics,100,274.7363286051931
0.1,15,nominal_physics,200,229.86325808591673
0.1,15,calibrated_physics,10,4.112280294066295e-08
0.1,15,calibrated_physics,50,0.0001339746791018115
0.1,15,calibrated_physics,100,0.0013967418490210548
0.1,15,calibrated_physics,200,0.010112584100994582
0.1,16,rk4_oracle,10,0.0
0.1,16,rk4_oracle,50,0.0
0.1,16,rk4_oracle,100,0.0
0.1,16,rk4_oracle,200,0.0
0.1,16,nominal_physics,10,81.13558920272118
0.1,16,nominal_physics,50,242.63054249379067
0.1,16,nominal_physics,100,277.5299312328601
0.1,16,nominal_physics,200,226.79077412945554
0.1,16,calibrated_physics,10,5.578715445153648e-08
0.1,16,calibrated_physics,50,0.00016460086050074096
0.1,16,calibrated_physics,100,0.0016938472647325398
0.1,16,calibrated_physics,200,0.011966877701610201
0.1,17,rk4_oracle,10,0.0
0.1,17,rk4_oracle,50,0.0
0.1,17,rk4_oracle,100,0.0
0.1,17,rk4_oracle,200,0.0
0.1,17,nominal_physics,10,79.87440763649727
0.1,17,nominal_physics,50,241.53355578666083
0.1,17,nominal_physics,100,281.06163626068303
0.1,17,nominal_physics,200,239.31693886317242
0.1,17,calibrated_physics,10,3.250158897571964e-08
0.1,17,calibrated_physics,50,0.00011453574848019343
0.1,17,calibrated_physics,100,0.0012056056224309941
0.1,17,calibrated_physics,200,0.00888861176855471
0.1,18,rk4_oracle,10,0.0
0.1,18,rk4_oracle,50,0.0
0.1,18,rk4_oracle,100,0.0
0.1,18,rk4_oracle,200,0.0
0.1,18,nominal_physics,10,81.16722869947142
0.1,18,nominal_physics,50,246.02054765767937
0.1,18,nominal_physics,100,287.32839986466007
0.1,18,nominal_physics,200,246.81425568867726
0.1,18,calibrated_physics,10,2.444704705339973e-08
0.1,18,calibrated_physics,50,8.962053084360377e-05
0.1,18,calibrated_physics,100,0.000947681669913436
0.1,18,calibrated_physics,200,0.007047922304423082
0.1,19,rk4_oracle,10,0.0
0.1,19,rk4_oracle,50,0.0
0.1,19,rk4_oracle,100,0.0
0.1,19,rk4_oracle,200,0.0
0.1,19,nominal_physics,10,82.87590618833138
0.1,19,nominal_physics,50,248.10891605263086
0.1,19,nominal_physics,100,284.2805956153764
0.1,19,nominal_physics,200,233.2598744731248
0.1,19,calibrated_physics,10,5.429347993413103e-08
0.1,19,calibrated_physics,50,0.00016283489901525172
0.1,19,calibrated_physics,100,0.0016793966694308438
0.1,19,calibrated_physics,200,0.011914358312225204
0.1,20,rk4_oracle,10,0.0
0.1,20,rk4_oracle,50,0.0
0.1,20,rk4_oracle,100,0.0
0.1,20,rk4_oracle,200,0.0
0.1,20,nominal_physics,10,81.27109807054217
0.1,20,nominal_physics,50,244.7526271207825
0.1,20,nominal_physics,100,283.0126839327165
0.1,20,nominal_physics,200,237.36023461618507
0.1,20,calibrated_physics,10,4.069579517818056e-08
0.1,20,calibrated_physics,50,0.00013392766379638488
0.1,20,calibrated_physics,100,0.0013980266915609718
0.1,20,calibrated_physics,200,0.010146182064602272
0.1,21,rk4_oracle,10,0.0
0.1,21,rk4_oracle,50,0.0
0.1,21,rk4_oracle,100,0.0
0.1,21,rk4_oracle,200,0.0
0.1,21,nominal_physics,10,83.98306217920799
0.1,21,nominal_physics,50,255.7128401300389
0.1,21,nominal_physics,100,300.7487004008064
0.1,21,nominal_physics,200,262.70508108053855
0.1,21,calibrated_physics,10,2.1965774976706598e-08
0.1,21,calibrated_physics,50,8.755238303592705e-05
0.1,21,calibrated_physics,100,0.0009344495933873986
0.1,21,calibrated_physics,200,0.0070731768536234085
0.1,22,rk4_oracle,10,0.0
0.1,22,rk4_oracle,50,0.0
0.1,22,rk4_oracle,100,0.0
0.1,22,rk4_oracle,200,0.0
0.1,22,nominal_physics,10,76.40003440486606
0.1,22,nominal_physics,50,227.7111462554207
0.1,22,nominal_physics,100,259.13371323494374
0.1,22,nominal_physics,200,209.17193704139717
0.1,22,calibrated_physics,10,5.9437127220007824e-08
0.1,22,calibrated_physics,50,0.0001671393792435083
0.1,22,calibrated_physics,100,0.001708499440212563
0.1,22,calibrated_physics,200,0.01191980025180328
0.1,23,rk4_oracle,10,0.0
0.1,23,rk4_oracle,50,0.0
0.1,23,rk4_oracle,100,0.0
0.1,23,rk4_oracle,200,0.0
0.1,23,nominal_physics,10,65.56760793225499
0.1,23,nominal_physics,50,196.03141656843607
0.1,23,nominal_physics,100,224.14917926482093
0.1,23,nominal_physics,200,183.0101086547943
0.1,23,calibrated_physics,10,3.8888231301825726e-08
0.1,23,calibrated_physics,50,0.00011442108353776348
0.1,23,calibrated_physics,100,0.001177008118474987
0.1,23,calibrated_physics,200,0.008309353028806754
0.1,24,rk4_oracle,10,0.0
0.1,24,rk4_oracle,50,0.0
0.1,24,rk4_oracle,100,0.0
0.1,24,rk4_oracle,200,0.0
0.1,24,nominal_physics,10,64.9725315342829
0.1,24,nominal_physics,50,194.0586562301575
0.1,24,nominal_physics,100,221.55368470234941
0.1,24,nominal_physics,200,180.23227715761112
0.1,24,calibrated_physics,10,3.873145715260762e-08
0.1,24,calibrated_physics,50,0.00011225317433627424
0.1,24,calibrated_physics,100,0.001152322998393629
0.1,24,calibrated_physics,200,0.008103561521693337
0.1,25,rk4_oracle,10,0.0
0.1,25,rk4_oracle,50,0.0
0.1,25,rk4_oracle,100,0.0
0.1,25,rk4_oracle,200,0.0
0.1,25,nominal_physics,10,75.07561094525306
0.1,25,nominal_physics,50,227.19968143022453
0.1,25,nominal_physics,100,264.70440345920514
0.1,25,nominal_physics,200,226.063290790411
0.1,25,calibrated_physics,10,2.3081327071849955e-08
0.1,25,calibrated_physics,50,8.231639384348455e-05
0.1,25,calibrated_physics,100,0.0008676835437881891
0.1,25,calibrated_physics,200,0.006414224591026141
0.1,26,rk4_oracle,10,0.0
0.1,26,rk4_oracle,50,0.0
0.1,26,rk4_oracle,100,0.0
0.1,26,rk4_oracle,200,0.0
0.1,26,nominal_physics,10,68.52443954084578
0.1,26,nominal_physics,50,209.84915667506723
0.1,26,nominal_physics,100,249.0167296588737
0.1,26,nominal_physics,200,222.20175441439804
0.1,26,calibrated_physics,10,1.0197652500210097e-08
0.1,26,calibrated_physics,50,4.5628787631812884e-05
0.1,26,calibrated_physics,100,0.0004927534460534844
0.1,26,calibrated_physics,200,0.003814276138797368
0.1,27,rk4_oracle,10,0.0
0.1,27,rk4_oracle,50,0.0
0.1,27,rk4_oracle,100,0.0
0.1,27,rk4_oracle,200,0.0
0.1,27,nominal_physics,10,70.14550560969474
0.1,27,nominal_physics,50,213.47194900484348
0.1,27,nominal_physics,100,250.87131376289688
0.1,27,nominal_physics,200,218.72341406721984
0.1,27,calibrated_physics,10,1.595816456756438e-08
0.1,27,calibrated_physics,50,6.303403120000439e-05
0.1,27,calibrated_physics,100,0.0006720978803969047
0.1,27,calibrated_physics,200,0.005077747327362658
0.1,28,rk4_oracle,10,0.0
0.1,28,rk4_oracle,50,0.0
0.1,28,rk4_oracle,100,0.0
0.1,28,rk4_oracle,200,0.0
0.1,28,nominal_physics,10,77.43541381662817
0.1,28,nominal_physics,50,238.00607588791414
0.1,28,nominal_physics,100,284.03364770076024
0.1,28,nominal_physics,200,256.9117055090313
0.1,28,calibrated_physics,10,9.45283318287693e-09
0.1,28,calibrated_physics,50,4.572356147036771e-05
0.1,28,calibrated_physics,100,0.0004974153859507169
0.1,28,calibrated_physics,200,0.003904792830894621
0.1,29,rk4_oracle,10,0.0
0.1,29,rk4_oracle,50,0.0
0.1,29,rk4_oracle,100,0.0
0.1,29,rk4_oracle,200,0.0
0.1,29,nominal_physics,10,69.08134277691994
0.1,29,nominal_physics,50,209.0257086993264
0.1,29,nominal_physics,100,243.46918020506138
0.1,29,nominal_physics,200,207.80008303632985
0.1,29,calibrated_physics,10,2.0490404040174326e-08
0.1,29,calibrated_physics,50,7.29051823213922e-05
0.1,29,calibrated_physics,100,0.000768260430902501
0.1,29,calibrated_physics,200,0.005676155333162569
0.2,0,rk4_oracle,10,0.0
0.2,0,rk4_oracle,50,0.0
0.2,0,rk4_oracle,100,0.0
0.2,0,rk4_oracle,200,0.0
0.2,0,nominal_physics,10,66.4184530603248
0.2,0,nominal_physics,50,201.42091508143926
0.2,0,nominal_physics,100,235.42819636026815
0.2,0,nominal_physics,200,202.6146996577517
0.2,0,calibrated_physics,10,3.997115527454298e-08
0.2,0,calibrated_physics,50,0.00014788730572945497
0.2,0,calibrated_physics,100,0.0015654914197966718
0.2,0,calibrated_physics,200,0.011666502808054702
0.2,1,rk4_oracle,10,0.0
0.2,1,rk4_oracle,50,0.0
0.2,1,rk4_oracle,100,0.0
0.2,1,rk4_oracle,200,0.0
0.2,1,nominal_physics,10,80.29506472744833
0.2,1,nominal_physics,50,242.36219509488382
0.2,1,nominal_physics,100,281.233575344429
0.2,1,nominal_physics,200,237.86545743900828
0.2,1,calibrated_physics,10,7.951763336677686e-08
0.2,1,calibrated_physics,50,0.0002712836991918266
0.2,1,calibrated_physics,100,0.0028444860570289165
0.2,1,calibrated_physics,200,0.02081905197402989
0.2,2,rk4_oracle,10,0.0
0.2,2,rk4_oracle,50,0.0
0.2,2,rk4_oracle,100,0.0
0.2,2,rk4_oracle,200,0.0
0.2,2,nominal_physics,10,83.1385263989713
0.2,2,nominal_physics,50,254.31157466083067
0.2,2,nominal_physics,100,301.24524931773533
0.2,2,nominal_physics,200,267.682927224295
0.2,2,calibrated_physics,10,3.574439233489102e-08
0.2,2,calibrated_physics,50,0.00015582023615934304
0.2,2,calibrated_physics,100,0.0016785032117923038
0.2,2,calibrated_physics,200,0.01293098280484628
0.2,3,rk4_oracle,10,0.0
0.2,3,rk4_oracle,50,0.0
0.2,3,rk4_oracle,100,0.0
0.2,3,rk4_oracle,200,0.0
0.2,3,nominal_physics,10,69.23314386065704
0.2,3,nominal_physics,50,207.49495869987837
0.2,3,nominal_physics,100,238.15236923732544
0.2,3,nominal_physics,200,196.2187928020525
0.2,3,calibrated_physics,10,8.10127858130727e-08
0.2,3,calibrated_physics,50,0.00024680055804537915
0.2,3,calibrated_physics,100,0.0025507502051027586
0.2,3,calibrated_physics,200,0.01816850442151008
0.2,4,rk4_oracle,10,0.0
0.2,4,rk4_oracle,50,0.0
0.2,4,rk4_oracle,100,0.0
0.2,4,rk4_oracle,200,0.0
0.2,4,nominal_physics,10,78.86589332127585
0.2,4,nominal_physics,50,241.28182781686087
0.2,4,nominal_physics,100,285.8845452438375
0.2,4,nominal_physics,200,254.19403220885476
0.2,4,calibrated_physics,10,2.9642365007021e-08
0.2,4,calibrated_physics,50,0.00012960975459463953
0.2,4,calibrated_physics,100,0.00139657366554502
0.2,4,calibrated_physics,200,0.010765019463121916
0.2,5,rk4_oracle,10,0.0
0.2,5,rk4_oracle,50,0.0
0.2,5,rk4_oracle,100,0.0
0.2,5,rk4_oracle,200,0.0
0.2,5,nominal_physics,10,82.52627514450654
0.2,5,nominal_physics,50,252.37712965189618
0.2,5,nominal_physics,100,298.84153289977354
0.2,5,nominal_physics,200,265.31204810300824
0.2,5,calibrated_physics,10,3.3852586511784466e-08
0.2,5,calibrated_physics,50,0.00014677910149885065
0.2,5,calibrated_physics,100,0.0015802636634703049
0.2,5,calibrated_physics,200,0.0121616703401628
0.2,6,rk4_oracle,10,0.0
0.2,6,rk4_oracle,50,0.0
0.2,6,rk4_oracle,100,0.0
0.2,6,rk4_oracle,200,0.0
0.2,6,nominal_physics,10,80.98178363741738
0.2,6,nominal_physics,50,247.58819003106385
0.2,6,nominal_physics,100,293.04953456893566
0.2,6,nominal_physics,200,259.90748518875637
0.2,6,calibrated_physics,10,3.558363914635265e-08
0.2,6,calibrated_physics,50,0.00015354585787008546
0.2,6,calibrated_physics,100,0.0016523229296012687
0.2,6,calibrated_physics,200,0.0127046279131946
0.2,7,rk4_oracle,10,0.0
0.2,7,rk4_oracle,50,0.0
0.2,7,rk4_oracle,100,0.0
0.2,7,rk4_oracle,200,0.0
0.2,7,nominal_physics,10,66.24061386231159
0.2,7,nominal_physics,50,202.79364282335365
0.2,7,nominal_physics,100,240.53266661457212
0.2,7,nominal_physics,200,214.39838515202845
0.2,7,calibrated_physics,10,2.1354026102926582e-08
0.2,7,calibrated_physics,50,9.478795635686765e-05
0.2,7,calibrated_physics,100,0.0010228790023347756
0.2,7,calibrated_physics,200,0.007906865089665871
0.2,8,rk4_oracle,10,0.0
0.2,8,rk4_oracle,50,0.0
0.2,8,rk4_oracle,100,0.0
0.2,8,rk4_oracle,200,0.0
0.2,8,nominal_physics,10,79.39413957674202
0.2,8,nominal_physics,50,241.96475727503787
0.2,8,nominal_physics,100,284.98906522489415
0.2,8,nominal_physics,200,249.80060708179826
0.2,8,calibrated_physics,10,4.3114084746775916e-08
0.2,8,calibrated_physics,50,0.0001747723334233342
0.2,8,calibrated_physics,100,0.0018687060145907708
0.2,8,calibrated_physics,200,0.014193714158352577
0.2,9,rk4_oracle,10,0.0
0.2,9,rk4_oracle,50,0.0
0.2,9,rk4_oracle,100,0.0
0.2,9,rk4_oracle,200,0.0
0.2,9,nominal_physics,10,79.5650016774174
0.2,9,nominal_physics,50,238.2296679500134
0.2,9,nominal_physics,100,273.0193573638972
0.2,9,nominal_physics,200,224.13336024334944
0.2,9,calibrated_physics,10,1.2119301118218573e-07
0.2,9,calibrated_physics,50,0.0003639960489749683
0.2,9,calibrated_physics,100,0.003754869588647125
0.2,9,calibrated_physics,200,0.026650384629846258
0.2,10,rk4_oracle,10,0.0
0.2,10,rk4_oracle,50,0.0
0.2,10,rk4_oracle,100,0.0
0.2,10,rk4_oracle,200,0.0
0.2,10,nominal_physics,10,80.81471937634126
0.2,10,nominal_physics,50,247.46761948381817
0.2,10,nominal_physics,100,293.62402162709793
0.2,10,nominal_physics,200,261.947743887109
0.2,10,calibrated_physics,10,3.0500416414724896e-08
0.2,10,calibrated_physics,50,0.0001359235301379158
0.2,10,calibrated_physics,100,0.001467336643941053
0.2,10,calibrated_physics,200,0.011350783393993424
0.2,11,rk4_oracle,10,0.0
0.2,11,rk4_oracle,50,0.0
0.2,11,rk4_oracle,100,0.0
0.2,11,rk4_oracle,200,0.0
0.2,11,nominal_physics,10,70.84831556606463
0.2,11,nominal_physics,50,217.55398355939178
0.2,11,nominal_physics,100,259.24689360963976
0.2,11,nominal_physics,200,233.6764404501131
0.2,11,calibrated_physics,10,1.899638846225571e-08
0.2,11,calibrated_physics,50,8.988559523004369e-05
0.2,11,calibrated_physics,100,0.0009758797893368865
0.2,11,calibrated_physics,200,0.007631539197575421
0.2,12,rk4_oracle,10,0.0
0.2,12,rk4_oracle,50,0.0
0.2,12,rk4_oracle,100,0.0
0.2,12,rk4_oracle,200,0.0
0.2,12,nominal_physics,10,67.13264857384337
0.2,12,nominal_physics,50,203.09078432298952
0.2,12,nominal_physics,100,236.48700423671832
0.2,12,nominal_physics,200,201.69833739645898
0.2,12,calibrated_physics,10,4.691895583164296e-08
0.2,12,calibrated_physics,50,0.00016632107195846402
0.2,12,calibrated_physics,100,0.0017519210719001421
0.2,12,calibrated_physics,200,0.012933789378308802
0.2,13,rk4_oracle,10,0.0
0.2,13,rk4_oracle,50,0.0
0.2,13,rk4_oracle,100,0.0
0.2,13,rk4_oracle,200,0.0
0.2,13,nominal_physics,10,82.80201376143515
0.2,13,nominal_physics,50,248.12075468951798
0.2,13,nominal_physics,100,284.7077185743418
0.2,13,nominal_physics,200,234.42815802432293
0.2,13,calibrated_physics,10,1.2227854995217058e-07
0.2,13,calibrated_physics,50,0.0003716166184517533
0.2,13,calibrated_physics,100,0.003839560083292781
0.2,13,calibrated_physics,200,0.027332798766849464
0.2,14,rk4_oracle,10,0.0
0.2,14,rk4_oracle,50,0.0
0.2,14,rk4_oracle,100,0.0
0.2,14,rk4_oracle,200,0.0
0.2,14,nominal_physics,10,74.01586962888433
0.2,14,nominal_physics,50,224.90071548099652
0.2,14,nominal_physics,100,263.66861715353986
0.2,14,nominal_physics,200,228.56563926489056
0.2,14,calibrated_physics,10,4.614560111804167e-08
0.2,14,calibrated_physics,50,0.00017691055234081432
0.2,14,calibrated_physics,100,0.0018802118733560746
0.2,14,calibrated_physics,200,0.01411852422637594
0.2,15,rk4_oracle,10,0.0
0.2,15,rk4_oracle,50,0.0
0.2,15,rk4_oracle,100,0.0
0.2,15,rk4_oracle,200,0.0
0.2,15,nominal_physics,10,70.68181467011436
0.2,15,nominal_physics,50,215.12799814523362
0.2,15,nominal_physics,100,252.86407991583508
0.2,15,nominal_physics,200,220.57076997536697
0.2,15,calibrated_physics,10,3.2581965569988824e-08
0.2,15,calibrated_physics,50,0.00012869931850900684
0.2,15,calibrated_physics,100,0.001372267368140001
0.2,15,calibrated_physics,200,0.010368013181704328
0.2,16,rk4_oracle,10,0.0
0.2,16,rk4_oracle,50,0.0
0.2,16,rk4_oracle,100,0.0
0.2,16,rk4_oracle,200,0.0
0.2,16,nominal_physics,10,84.54299110797581
0.2,16,nominal_physics,50,255.83021298124314
0.2,16,nominal_physics,100,298.0260010501946
0.2,16,nominal_physics,200,254.4537308565889
0.2,16,calibrated_physics,10,6.73755380375951e-08
0.2,16,calibrated_physics,50,0.00023969772797727273
0.2,16,calibrated_physics,100,0.0025259219594317983
0.2,16,calibrated_physics,200,0.018663439740350896
0.2,17,rk4_oracle,10,0.0
0.2,17,rk4_oracle,50,0.0
0.2,17,rk4_oracle,100,0.0
0.2,17,rk4_oracle,200,0.0
0.2,17,nominal_physics,10,82.10772691610282
0.2,17,nominal_physics,50,250.95694641177383
0.2,17,nominal_physics,100,296.9029237807471
0.2,17,nominal_physics,200,263.04548879146085
0.2,17,calibrated_physics,10,3.501702394714812e-08
0.2,17,calibrated_physics,50,0.0001501358374866868
0.2,17,calibrated_physics,100,0.0016145807955467717
0.2,17,calibrated_physics,200,0.012399074118320641
0.2,18,rk4_oracle,10,0.0
0.2,18,rk4_oracle,50,0.0
0.2,18,rk4_oracle,100,0.0
0.2,18,rk4_oracle,200,0.0
0.2,18,nominal_physics,10,70.29710800715799
0.2,18,nominal_physics,50,211.33827027723123
0.2,18,nominal_physics,100,243.7256272068408
0.2,18,nominal_physics,200,203.11716364106871
0.2,18,calibrated_physics,10,7.509277111239498e-08
0.2,18,calibrated_physics,50,0.00024015501429630604
0.2,18,calibrated_physics,100,0.0024978546074976293
0.2,18,calibrated_physics,200,0.01800550375929788
0.2,19,rk4_oracle,10,0.0
0.2,19,rk4_oracle,50,0.0
0.2,19,rk4_oracle,100,0.0
0.2,19,rk4_oracle,200,0.0
0.2,19,nominal_physics,10,68.66153737328676
0.2,19,nominal_physics,50,207.69141620410653
0.2,19,nominal_physics,100,241.801761375713
0.2,19,nominal_physics,200,206.15295515953125
0.2,19,calibrated_physics,10,4.498014050113852e-08
0.2,19,calibrated_physics,50,0.0001589879524317439
0.2,19,calibrated_physics,100,0.0016741034266942734
0.2,19,calibrated_physics,200,0.012351213388711813
0.2,20,rk4_oracle,10,0.0
0.2,20,rk4_oracle,50,0.0
0.2,20,rk4_oracle,100,0.0
0.2,20,rk4_oracle,200,0.0
0.2,20,nominal_physics,10,81.41889307984394
0.2,20,nominal_physics,50,247.95543719295983
0.2,20,nominal_physics,100,291.71794892145317
0.2,20,nominal_physics,200,255.01748997153297
0.2,20,calibrated_physics,10,4.5572051021736115e-08
0.2,20,calibrated_physics,50,0.0001821130628627543
0.2,20,calibrated_physics,100,0.0019442466033865458
0.2,20,calibrated_physics,200,0.014724961730109953
0.2,21,rk4_oracle,10,0.0
0.2,21,rk4_oracle,50,0.0
0.2,21,rk4_oracle,100,0.0
0.2,21,rk4_oracle,200,0.0
0.2,21,nominal_physics,10,77.09678025123594
0.2,21,nominal_physics,50,231.89572995103939
0.2,21,nominal_physics,100,267.6377510093549
0.2,21,nominal_physics,200,223.44889581069305
0.2,21,calibrated_physics,10,9.271303724744939e-08
0.2,21,calibrated_physics,50,0.0002989172405705176
0.2,21,calibrated_physics,100,0.0031122767526881034
0.2,21,calibrated_physics,200,0.022478736151725798
0.2,22,rk4_oracle,10,0.0
0.2,22,rk4_oracle,50,0.0
0.2,22,rk4_oracle,100,0.0
0.2,22,rk4_oracle,200,0.0
0.2,22,nominal_physics,10,70.51878056014044
0.2,22,nominal_physics,50,214.00483221059488
0.2,22,nominal_physics,100,250.40752233048983
0.2,22,nominal_physics,200,216.06895736726818
0.2,22,calibrated_physics,10,4.160182243140298e-08
0.2,22,calibrated_physics,50,0.00015578156120454878
0.2,22,calibrated_physics,100,0.0016513052067921308
0.2,22,calibrated_physics,200,0.01233785959141187
0.2,23,rk4_oracle,10,0.0
0.2,23,rk4_oracle,50,0.0
0.2,23,rk4_oracle,100,0.0
0.2,23,rk4_oracle,200,0.0
0.2,23,nominal_physics,10,75.95526369556757
0.2,23,nominal_physics,50,230.82448953301937
0.2,23,nominal_physics,100,270.6724378145
0.2,23,nominal_physics,200,234.77314716504992
0.2,23,calibrated_physics,10,4.043454282509629e-08
0.2,23,calibrated_physics,50,0.00015518911601475338
0.2,23,calibrated_physics,100,0.0016495331691430692
0.2,23,calibrated_physics,200,0.012388802317502723
0.2,24,rk4_oracle,10,0.0
0.2,24,rk4_oracle,50,0.0
0.2,24,rk4_oracle,100,0.0
0.2,24,rk4_oracle,200,0.0
0.2,24,nominal_physics,10,76.79960151832006
0.2,24,nominal_physics,50,231.7300180948495
0.2,24,nominal_physics,100,268.74997094323294
0.2,24,nominal_physics,200,227.01026832472127
0.2,24,calibrated_physics,10,7.423545866913628e-08
0.2,24,calibrated_physics,50,0.0002518181289019594
0.2,24,calibrated_physics,100,0.002638540878592721
0.2,24,calibrated_physics,200,0.019286199057546582
0.2,25,rk4_oracle,10,0.0
0.2,25,rk4_oracle,50,0.0
0.2,25,rk4_oracle,100,0.0
0.2,25,rk4_oracle,200,0.0
0.2,25,nominal_physics,10,68.59272906415686
0.2,25,nominal_physics,50,209.65971116388596
0.2,25,nominal_physics,100,248.06352519830412
0.2,25,nominal_physics,200,219.81304191378103
0.2,25,calibrated_physics,10,2.441407787046046e-08
0.2,25,calibrated_physics,50,0.00010484363770046912
0.2,25,calibrated_physics,100,0.001127666252216386
0.2,25,calibrated_physics,200,0.008662182849661804
0.2,26,rk4_oracle,10,0.0
0.2,26,rk4_oracle,50,0.0
0.2,26,rk4_oracle,100,0.0
0.2,26,rk4_oracle,200,0.0
0.2,26,nominal_physics,10,64.51209112784062
0.2,26,nominal_physics,50,192.6687394049747
0.2,26,nominal_physics,100,219.9421881056079
0.2,26,nominal_physics,200,178.8763912340424
0.2,26,calibrated_physics,10,8.772087767283665e-08
0.2,26,calibrated_physics,50,0.00025374236957986795
0.2,26,calibrated_physics,100,0.0026041063727006986
0.2,26,calibrated_physics,200,0.018304941091543014
0.2,27,rk4_oracle,10,0.0
0.2,27,rk4_oracle,50,0.0
0.2,27,rk4_oracle,100,0.0
0.2,27,rk4_oracle,200,0.0
0.2,27,nominal_physics,10,68.46620426693863
0.2,27,nominal_physics,50,208.76373446615526
0.2,27,nominal_physics,100,246.07263224110795
0.2,27,nominal_physics,200,216.08299696140304
0.2,27,calibrated_physics,10,3.070749698963482e-08
0.2,27,calibrated_physics,50,0.00012571401538252758
0.2,27,calibrated_physics,100,0.0013455625247047465
0.2,27,calibrated_physics,200,0.010240375479725117
0.2,28,rk4_oracle,10,0.0
0.2,28,rk4_oracle,50,0.0
0.2,28,rk4_oracle,100,0.0
0.2,28,rk4_oracle,200,0.0
0.2,28,nominal_physics,10,85.94485329034887
0.2,28,nominal_physics,50,262.8407017926287
0.2,28,nominal_physics,100,311.248350409163
0.2,28,nominal_physics,200,276.36335765899986
0.2,28,calibrated_physics,10,3.6487904253590386e-08
0.2,28,calibrated_physics,50,0.0001583100037123586
0.2,28,calibrated_physics,100,0.0017045067451704199
0.2,28,calibrated_physics,200,0.01311930685602647
0.2,29,rk4_oracle,10,0.0
0.2,29,rk4_oracle,50,0.0
0.2,29,rk4_oracle,100,0.0
0.2,29,rk4_oracle,200,0.0
0.2,29,nominal_physics,10,80.49497384423739
0.2,29,nominal_physics,50,244.0650749498635
0.2,29,nominal_physics,100,285.1940452580434
0.2,29,nominal_physics,200,245.2913219947899
0.2,29,calibrated_physics,10,5.529909685719758e-08
0.2,29,calibrated_physics,50,0.00020374646459231371
0.2,29,calibrated_physics,100,0.002155778444034695
0.2,29,calibrated_physics,200,0.016051159703579287
0.5,0,rk4_oracle,10,0.0
0.5,0,rk4_oracle,50,0.0
0.5,0,rk4_oracle,100,0.0
0.5,0,rk4_oracle,200,0.0
0.5,0,nominal_physics,10,70.52589759078495
0.5,0,nominal_physics,50,213.87366097022814
0.5,0,nominal_physics,100,249.98645526217055
0.5,0,nominal_physics,200,215.18455727113798
0.5,0,calibrated_physics,10,1.5948990039760247e-07
0.5,0,calibrated_physics,50,0.000586093731328674
0.5,0,calibrated_physics,100,0.006199786147760733
0.5,0,calibrated_physics,200,0.04614566664366748
0.5,1,rk4_oracle,10,0.0
0.5,1,rk4_oracle,50,0.0
0.5,1,rk4_oracle,100,0.0
0.5,1,rk4_oracle,200,0.0
0.5,1,nominal_physics,10,72.2485630007356
0.5,1,nominal_physics,50,218.58793771924712
0.5,1,nominal_physics,100,254.5772929157202
0.5,1,nominal_physics,200,217.2440721176631
0.5,1,calibrated_physics,10,2.3487666567234555e-07
0.5,1,calibrated_physics,50,0.0008288674544587593
0.5,1,calibrated_physics,100,0.008726911693315742
0.5,1,calibrated_physics,200,0.06438469870491303
0.5,2,rk4_oracle,10,0.0
0.5,2,rk4_oracle,50,0.0
0.5,2,rk4_oracle,100,0.0
0.5,2,rk4_oracle,200,0.0
0.5,2,nominal_physics,10,72.30136277652417
0.5,2,nominal_physics,50,218.01818592551675
0.5,2,nominal_physics,100,252.6088841617941
0.5,2,nominal_physics,200,212.92952738962984
0.5,2,calibrated_physics,10,2.540144237173081e-07
0.5,2,calibrated_physics,50,0.0008472352015473916
0.5,2,calibrated_physics,100,0.008859577993803214
0.5,2,calibrated_physics,200,0.06452387516515046
0.5,3,rk4_oracle,10,0.0
0.5,3,rk4_oracle,50,0.0
0.5,3,rk4_oracle,100,0.0
0.5,3,rk4_oracle,200,0.0
0.5,3,nominal_physics,10,72.81021827735026
0.5,3,nominal_physics,50,219.7442938427331
0.5,3,nominal_physics,100,254.95127237795833
0.5,3,nominal_physics,200,215.59169740239685
0.5,3,calibrated_physics,10,2.6609041015035473e-07
0.5,3,calibrated_physics,50,0.0009004912793102449
0.5,3,calibrated_physics,100,0.009433390996036906
0.5,3,calibrated_physics,200,0.06893733179148853
0.5,4,rk4_oracle,10,0.0
0.5,4,rk4_oracle,50,0.0
0.5,4,rk4_oracle,100,0.0
0.5,4,rk4_oracle,200,0.0
0.5,4,nominal_physics,10,77.56313728832737
0.5,4,nominal_physics,50,234.28500194225185
0.5,4,nominal_physics,100,272.1750370834351
0.5,4,nominal_physics,200,230.88035313667632
0.5,4,calibrated_physics,10,2.6885885517913266e-07
0.5,4,calibrated_physics,50,0.0009221044037417414
0.5,4,calibrated_physics,100,0.009675492678979936
0.5,4,calibrated_physics,200,0.07092345743342321
0.5,5,rk4_oracle,10,0.0
0.5,5,rk4_oracle,50,0.0
0.5,5,rk4_oracle,100,0.0
0.5,5,rk4_oracle,200,0.0
0.5,5,nominal_physics,10,73.56466487388616
0.5,5,nominal_physics,50,223.31601713656545
0.5,5,nominal_physics,100,261.43381147745976
0.5,5,nominal_physics,200,225.88460088433257
0.5,5,calibrated_physics,10,1.7247128880626406e-07
0.5,5,calibrated_physics,50,0.0006453487370663424
0.5,5,calibrated_physics,100,0.0068406544592676255
0.5,5,calibrated_physics,200,0.051115518651755565
0.5,6,rk4_oracle,10,0.0
0.5,6,rk4_oracle,50,0.0
0.5,6,rk4_oracle,100,0.0
0.5,6,rk4_oracle,200,0.0
0.5,6,nominal_physics,10,75.74767628531367
0.5,6,nominal_physics,50,229.3960989224159
0.5,6,nominal_physics,100,267.5653236191102
0.5,6,nominal_physics,200,229.15284598100624
0.5,6,calibrated_physics,10,2.2937234689379693e-07
0.5,6,calibrated_physics,50,0.0008226730847127328
0.5,6,calibrated_physics,100,0.008678174945600858
0.5,6,calibrated_physics,200,0.06425561248653366
0.5,7,rk4_oracle,10,0.0
0.5,7,rk4_oracle,50,0.0
0.5,7,rk4_oracle,100,0.0
0.5,7,rk4_oracle,200,0.0
0.5,7,nominal_physics,10,69.5056050301489
0.5,7,nominal_physics,50,211.5892319485404
0.5,7,nominal_physics,100,248.785332712203
0.5,7,nominal_physics,200,217.2011191427671
0.5,7,calibrated_physics,10,1.3212741123425076e-07
0.5,7,calibrated_physics,50,0.0005210450462413974
0.5,7,calibrated_physics,100,0.005555091643543619
0.5,7,calibrated_physics,200,0.04196747749716678
0.5,8,rk4_oracle,10,0.0
0.5,8,rk4_oracle,50,0.0
0.5,8,rk4_oracle,100,0.0
0.5,8,rk4_oracle,200,0.0
0.5,8,nominal_physics,10,70.99436340397818
0.5,8,nominal_physics,50,212.6240982879689
0.5,8,nominal_physics,100,243.78439060768824
0.5,8,nominal_physics,200,200.38383737449092
0.5,8,calibrated_physics,10,3.706363145283831e-07
0.5,8,calibrated_physics,50,0.0011109306374805783
0.5,8,calibrated_physics,100,0.011457934401732928
0.5,8,calibrated_physics,200,0.08130953438072197
0.5,9,rk4_oracle,10,0.0
0.5,9,rk4_oracle,50,0.0
0.5,9,rk4_oracle,100,0.0
0.5,9,rk4_oracle,200,0.0
0.5,9,nominal_physics,10,80.45339584759313
0.5,9,nominal_physics,50,245.57365419370421
0.5,9,nominal_physics,100,289.94436520641983
0.5,9,nominal_physics,200,255.66183785123403
0.5,9,calibrated_physics,10,1.605048396413622e-07
0.5,9,calibrated_physics,50,0.0006656990014448638
0.5,9,calibrated_physics,100,0.007135354674858263
0.5,9,calibrated_physics,200,0.054458825954327494
0.5,10,rk4_oracle,10,0.0
0.5,10,rk4_oracle,50,0.0
0.5,10,rk4_oracle,100,0.0
0.5,10,rk4_oracle,200,0.0
0.5,10,nominal_physics,10,71.56746534658777
0.5,10,nominal_physics,50,216.74721557366786
0.5,10,nominal_physics,100,252.83017642587333
0.5,10,nominal_physics,200,216.56851582734538
0.5,10,calibrated_physics,10,2.0521866872513783e-07
0.5,10,calibrated_physics,50,0.0007370075781523155
0.5,10,calibrated_physics,100,0.007775659925925993
0.5,10,calibrated_physics,200,0.05758865429615412
0.5,11,rk4_oracle,10,0.0
0.5,11,rk4_oracle,50,0.0
0.5,11,rk4_oracle,100,0.0
0.5,11,rk4_oracle,200,0.0
0.5,11,nominal_physics,10,69.97025168091841
0.5,11,nominal_physics,50,210.09256038707196
0.5,11,nominal_physics,100,241.83157853091205
0.5,11,nominal_physics,200,200.66079568400153
0.5,11,calibrated_physics,10,3.109713020421623e-07
0.5,11,calibrated_physics,50,0.0009693016062897186
0.5,11,calibrated_physics,100,0.010049185356933776
0.5,11,calibrated_physics,200,0.07201071486070987
0.5,12,rk4_oracle,10,0.0
0.5,12,rk4_oracle,50,0.0
0.5,12,rk4_oracle,100,0.0
0.5,12,rk4_oracle,200,0.0
0.5,12,nominal_physics,10,78.9670758553691
0.5,12,nominal_physics,50,239.7607462285774
0.5,12,nominal_physics,100,280.7675709309511
0.5,12,nominal_physics,200,242.76165565484902
0.5,12,calibrated_physics,10,1.9617374391600606e-07
0.5,12,calibrated_physics,50,0.0007361361240327824
0.5,12,calibrated_physics,100,0.007805550974467224
0.5,12,calibrated_physics,200,0.05836249295282414
0.5,13,rk4_oracle,10,0.0
0.5,13,rk4_oracle,50,0.0
0.5,13,rk4_oracle,100,0.0
0.5,13,rk4_oracle,200,0.0
0.5,13,nominal_physics,10,81.9632612803602
0.5,13,nominal_physics,50,248.5435931648445
0.5,13,nominal_physics,100,290.4845824191097
0.5,13,nominal_physics,200,249.98855791009865
0.5,13,calibrated_physics,10,2.584777121228399e-07
0.5,13,calibrated_physics,50,0.000947898255731161
0.5,13,calibrated_physics,100,0.010024980521336602
0.5,13,calibrated_physics,200,0.07459318695993034
0.5,14,rk4_oracle,10,0.0
0.5,14,rk4_oracle,50,0.0
0.5,14,rk4_oracle,100,0.0
0.5,14,rk4_oracle,200,0.0
0.5,14,nominal_physics,10,74.70810068146136
0.5,14,nominal_physics,50,224.57289350961136
0.5,14,nominal_physics,100,258.9530031338778
0.5,14,nominal_physics,200,215.77554127317745
0.5,14,calibrated_physics,10,3.238158683416259e-07
0.5,14,calibrated_physics,50,0.0010268673499922443
0.5,14,calibrated_physics,100,0.010669815648611802
0.5,14,calibrated_physics,200,0.07678093222293114
0.5,15,rk4_oracle,10,0.0
0.5,15,rk4_oracle,50,0.0
0.5,15,rk4_oracle,100,0.0
0.5,15,rk4_oracle,200,0.0
0.5,15,nominal_physics,10,73.15411992298101
0.5,15,nominal_physics,50,222.6049922316574
0.5,15,nominal_physics,100,261.57269777095047
0.5,15,nominal_physics,200,228.02325172243795
0.5,15,calibrated_physics,10,1.4914769508322934e-07
0.5,15,calibrated_physics,50,0.0005834153308228451
0.5,15,calibrated_physics,100,0.006214613839063077
0.5,15,calibrated_physics,200,0.046872462738576814
0.5,16,rk4_oracle,10,0.0
0.5,16,rk4_oracle,50,0.0
0.5,16,rk4_oracle,100,0.0
0.5,16,rk4_oracle,200,0.0
0.5,16,nominal_physics,10,66.9204460351637
0.5,16,nominal_physics,50,201.9031941277422
0.5,16,nominal_physics,100,234.13333736061864
0.5,16,nominal_physics,200,197.74448141951407
0.5,16,calibrated_physics,10,2.3033453544485383e-07
0.5,16,calibrated_physics,50,0.0007758686839451912
0.5,16,calibrated_physics,100,0.008123166118082281
0.5,16,calibrated_physics,200,0.05929670368985285
0.5,17,rk4_oracle,10,0.0
0.5,17,rk4_oracle,50,0.0
0.5,17,rk4_oracle,100,0.0
0.5,17,rk4_oracle,200,0.0
0.5,17,nominal_physics,10,69.89660675415581
0.5,17,nominal_physics,50,214.04553627261038
0.5,17,nominal_physics,100,253.99376352644325
0.5,17,nominal_physics,200,226.6663979098277
0.5,17,calibrated_physics,10,9.409927770320792e-08
0.5,17,calibrated_physics,50,0.0004174438127506619
0.5,17,calibrated_physics,100,0.004504706814884685
0.5,17,calibrated_physics,200,0.034824966046500094
0.5,18,rk4_oracle,10,0.0
0.5,18,rk4_oracle,50,0.0
0.5,18,rk4_oracle,100,0.0
0.5,18,rk4_oracle,200,0.0
0.5,18,nominal_physics,10,74.16600652542371
0.5,18,nominal_physics,50,227.18932502848781
0.5,18,nominal_physics,100,269.71951976400567
0.5,18,nominal_physics,200,240.9803529671092
0.5,18,calibrated_physics,10,9.724573146741022e-08
0.5,18,calibrated_physics,50,0.00043384714768990307
0.5,18,calibrated_physics,100,0.004684306020180884
0.5,18,calibrated_physics,200,0.036251573029858264
0.5,19,rk4_oracle,10,0.0
0.5,19,rk4_oracle,50,0.0
0.5,19,rk4_oracle,100,0.0
0.5,19,rk4_oracle,200,0.0
0.5,19,nominal_physics,10,69.67921811005476
0.5,19,nominal_physics,50,212.7391250392045
0.5,19,nominal_physics,100,251.27139688246757
0.5,19,nominal_physics,200,221.7558555210496
0.5,19,calibrated_physics,10,1.1415704648243263e-07
0.5,19,calibrated_physics,50,0.00047639639569752035
0.5,19,calibrated_physics,100,0.0051094671852638385
0.5,19,calibrated_physics,200,0.039041619170319564
0.5,20,rk4_oracle,10,0.0
0.5,20,rk4_oracle,50,0.0
0.5,20,rk4_oracle,100,0.0
0.5,20,rk4_oracle,200,0.0
0.5,20,nominal_physics,10,80.36204953202014
0.5,20,nominal_physics,50,243.86117575900852
0.5,20,nominal_physics,100,285.32434616692865
0.5,20,nominal_physics,200,246.18968884875522
0.5,20,calibrated_physics,10,2.445572135911789e-07
0.5,20,calibrated_physics,50,0.0009084715246672204
0.5,20,calibrated_physics,100,0.009622118030335969
0.5,20,calibrated_physics,200,0.07179511551737505
0.5,21,rk4_oracle,10,0.0
0.5,21,rk4_oracle,50,0.0
0.5,21,rk4_oracle,100,0.0
0.5,21,rk4_oracle,200,0.0
0.5,21,nominal_physics,10,77.36648511190572
0.5,21,nominal_physics,50,233.28610292868774
0.5,21,nominal_physics,100,270.28930471201954
0.5,21,nominal_physics,200,227.80998993935793
0.5,21,calibrated_physics,10,3.2009455708248424e-07
0.5,21,calibrated_physics,50,0.0010667744350030262
0.5,21,calibrated_physics,100,0.011154378189189629
0.5,21,calibrated_physics,200,0.08122694177009748
0.5,22,rk4_oracle,10,0.0
0.5,22,rk4_oracle,50,0.0
0.5,22,rk4_oracle,100,0.0
0.5,22,rk4_oracle,200,0.0
0.5,22,nominal_physics,10,72.66027665020505
0.5,22,nominal_physics,50,222.70601052593562
0.5,22,nominal_physics,100,264.63399163626144
0.5,22,nominal_physics,200,236.94162542359896
0.5,22,calibrated_physics,10,9.308189419243718e-08
0.5,22,calibrated_physics,50,0.0004204925263024961
0.5,22,calibrated_physics,100,0.004545608584521688
0.5,22,calibrated_physics,200,0.035259578196871644
0.5,23,rk4_oracle,10,0.0
0.5,23,rk4_oracle,50,0.0
0.5,23,rk4_oracle,100,0.0
0.5,23,rk4_oracle,200,0.0
0.5,23,nominal_physics,10,65.08593404600714
0.5,23,nominal_physics,50,197.19427240353872
0.5,23,nominal_physics,100,230.1598578190078
0.5,23,nominal_physics,200,197.42961261294715
0.5,23,calibrated_physics,10,1.629883286113909e-07
0.5,23,calibrated_physics,50,0.0005897896012356796
0.5,23,calibrated_physics,100,0.006227861002400914
0.5,23,calibrated_physics,200,0.04620003906515535
0.5,24,rk4_oracle,10,0.0
0.5,24,rk4_oracle,50,0.0
0.5,24,rk4_oracle,100,0.0
0.5,24,rk4_oracle,200,0.0
0.5,24,nominal_physics,10,75.15986132959102
0.5,24,nominal_physics,50,224.81937859970458
0.5,24,nominal_physics,100,257.2736153674622
0.5,24,nominal_physics,200,210.50650608518288
0.5,24,calibrated_physics,10,4.429447244547191e-07
0.5,24,calibrated_physics,50,0.0013025486215951787
0.5,24,calibrated_physics,100,0.013399599007868801
0.5,24,calibrated_physics,200,0.09462983290913485
0.5,25,rk4_oracle,10,0.0
0.5,25,rk4_oracle,50,0.0
0.5,25,rk4_oracle,100,0.0
0.5,25,rk4_oracle,200,0.0
0.5,25,nominal_physics,10,79.24233057190372
0.5,25,nominal_physics,50,239.73901402528108
0.5,25,nominal_physics,100,279.19802046478503
0.5,25,nominal_physics,200,238.24044290164574
0.5,25,calibrated_physics,10,2.4698869083294994e-07
0.5,25,calibrated_physics,50,0.0008702062872885108
0.5,25,calibrated_physics,100,0.009160356079462417
0.5,25,calibrated_physics,200,0.06755674233403397
0.5,26,rk4_oracle,10,0.0
0.5,26,rk4_oracle,50,0.0
0.5,26,rk4_oracle,100,0.0
0.5,26,rk4_oracle,200,0.0
0.5,26,nominal_physics,10,65.43863403409603
0.5,26,nominal_physics,50,197.6191510004458
0.5,26,nominal_physics,100,229.49913138918583
0.5,26,nominal_physics,200,194.5027939976094
0.5,26,calibrated_physics,10,2.1666386373908608e-07
0.5,26,calibrated_physics,50,0.0007417044326984978
0.5,26,calibrated_physics,100,0.007780780945097376
0.5,26,calibrated_physics,200,0.05700918678277844
0.5,27,rk4_oracle,10,0.0
0.5,27,rk4_oracle,50,0.0
0.5,27,rk4_oracle,100,0.0
0.5,27,rk4_oracle,200,0.0
0.5,27,nominal_physics,10,73.49961602071414
0.5,27,nominal_physics,50,220.0587733168129
0.5,27,nominal_physics,100,252.1887959617732
0.5,27,nominal_physics,200,207.06072381720375
0.5,27,calibrated_physics,10,3.896751650245278e-07
0.5,27,calibrated_physics,50,0.001162125915868728
0.5,27,calibrated_physics,100,0.011977823984409497
0.5,27,calibrated_physics,200,0.08489061174230983
0.5,28,rk4_oracle,10,0.0
0.5,28,rk4_oracle,50,0.0
0.5,28,rk4_oracle,100,0.0
0.5,28,rk4_oracle,200,0.0
0.5,28,nominal_physics,10,66.35907973073745
0.5,28,nominal_physics,50,201.20568802628668
0.5,28,nominal_physics,100,235.1197725973545
0.5,28,nominal_physics,200,202.2540091323831
0.5,28,calibrated_physics,10,1.6814362879813416e-07
0.5,28,calibrated_physics,50,0.0006167286091454116
0.5,28,calibrated_physics,100,0.006522509512137731
0.5,28,calibrated_physics,200,0.0485297862711036
0.5,29,rk4_oracle,10,0.0
0.5,29,rk4_oracle,50,0.0
0.5,29,rk4_oracle,100,0.0
0.5,29,rk4_oracle,200,0.0
0.5,29,nominal_physics,10,81.41246229078831
0.5,29,nominal_physics,50,246.40682923594323
0.5,29,nominal_physics,100,287.14729449463357
0.5,29,nominal_physics,200,245.39778796251687
0.5,29,calibrated_physics,10,2.700769528019009e-07
0.5,29,calibrated_physics,50,0.0009582021701817212
0.5,29,calibrated_physics,100,0.010095042572572765
0.5,29,calibrated_physics,200,0.07456845683435631
