epsilon,sequence_index,method,full_trajectory_rmse_rad_s,ode_residual_N_m
0,0,rk4_oracle,0.0,13.170619862742255
0,0,nominal_physics,230.94428259759636,0.7789406436874856
0,0,calibrated_physics,3.766482199005811e-11,13.170619862740217
0,1,rk4_oracle,0.0,14.185694067800574
0,1,nominal_physics,255.18350259156614,0.6435695025164287
0,1,calibrated_physics,4.3438277871539047e-11,14.185694067802682
0,2,rk4_oracle,0.0,14.920323963439799
0,2,nominal_physics,269.62993914513737,1.0658903443352954
0,2,calibrated_physics,2.6538264359178067e-11,14.920323963438474
0,3,rk4_oracle,0.0,14.101786663134122
0,3,nominal_physics,245.98597563925475,0.2765718883262876
0,3,calibrated_physics,2.8655764671680414e-11,14.101786663135684
0,4,rk4_oracle,0.0,13.58256343365511
0,4,nominal_physics,234.16424123742868,0.08093166335657444
0,4,calibrated_physics,4.003630486533715e-11,13.582563433653357
0,5,rk4_oracle,0.0,12.881147917180005
0,5,nominal_physics,245.61200287089508,0.1474917314530561
0,5,calibrated_physics,1.4152840852072384e-11,12.881147917180717
0,6,rk4_oracle,0.0,13.868185960838936
0,6,nominal_physics,218.7311470912498,0.4043048236901169
0,6,calibrated_physics,4.449860324697426e-11,13.868185960836556
0,7,rk4_oracle,0.0,13.755228821402492
0,7,nominal_physics,242.96014303040639,0.3977581050809964
0,7,calibrated_physics,3.833540687076129e-11,13.755228821400634
0,8,rk4_oracle,0.0,12.854601430847602
0,8,nominal_physics,241.55233679468213,0.9883346726357969
0,8,calibrated_physics,5.453498748897765e-11,12.854601430850295
0,9,rk4_oracle,0.0,15.04628576977888
0,9,nominal_physics,260.93329245957665,0.6824954116020561
0,9,calibrated_physics,7.932785646487433e-11,15.046285769783177
0,10,rk4_oracle,0.0,12.752783606859028
0,10,nominal_physics,242.44288388798654,1.0700878496885635
0,10,calibrated_physics,5.307558752944789e-11,12.752783606861621
0,11,rk4_oracle,0.0,13.472433013415458
0,11,nominal_physics,223.94478594437666,0.9420761015274303
0,11,calibrated_physics,1.8573412253309237e-11,13.47243301341642
0,12,rk4_oracle,0.0,11.270613067882502
0,12,nominal_physics,218.50086666746253,1.0422347392950073
0,12,calibrated_physics,9.614690853802972e-12,11.270613067882836
0,13,rk4_oracle,0.0,13.6739240049697
0,13,nominal_physics,235.77989253965,0.02076237422510536
0,13,calibrated_physics,2.81916111491951e-11,13.673924004971227
0,14,rk4_oracle,0.0,11.451113720770408
0,14,nominal_physics,220.93231679998394,0.7550970426318396
0,14,calibrated_physics,1.0756525865334655e-11,11.45111372077095
0,15,rk4_oracle,0.0,13.84044900577253
0,15,nominal_physics,268.3565149709761,0.8821853340769987
0,15,calibrated_physics,6.236470498916986e-12,13.840449005772197
0,16,rk4_oracle,0.0,12.120699816977234
0,16,nominal_physics,236.9901495402248,0.7809025410449292
0,16,calibrated_physics,2.0265800783295373e-11,12.12069981697641
0,17,rk4_oracle,0.0,14.282697258433851
0,17,nominal_physics,271.43687181753364,0.9128732322611163
0,17,calibrated_physics,7.400404888577367e-12,14.282697258434228
0,18,rk4_oracle,0.0,16.422315806297657
0,18,nominal_physics,248.38773517159314,0.6216153173810193
0,18,calibrated_physics,2.868864429427962e-11,16.42231580629626
0,19,rk4_oracle,0.0,14.678976744593179
0,19,nominal_physics,259.40939092537525,0.825541703848858
0,19,calibrated_physics,3.68140697191156e-11,14.678976744595257
0,20,rk4_oracle,0.0,14.208274596313409
0,20,nominal_physics,226.5490144046449,0.3055753405474538
0,20,calibrated_physics,5.0498695814046235e-11,14.208274596316196
0,21,rk4_oracle,0.0,13.862266465998742
0,21,nominal_physics,235.30440942376293,0.041796843267288386
0,21,calibrated_physics,1.2104163130420386e-11,13.862266465999369
0,22,rk4_oracle,0.0,16.369831413616883
0,22,nominal_physics,248.70634218697737,0.09599348900937586
0,22,calibrated_physics,1.5831796766720122e-11,16.369831413616
0,23,rk4_oracle,0.0,12.782431987320585
0,23,nominal_physics,194.49799247133578,0.9674114536770655
0,23,calibrated_physics,1.8917673945142935e-11,12.78243198731961
0,24,rk4_oracle,0.0,16.22375233930877
0,24,nominal_physics,257.6683332966346,0.17489027429382592
0,24,calibrated_physics,2.1958645763044854e-11,16.22375233930979
0,25,rk4_oracle,0.0,14.085064685411176
0,25,nominal_physics,252.54310402999556,0.33453416260246494
0,25,calibrated_physics,6.056597346805769e-11,14.085064685414121
0,26,rk4_oracle,0.0,12.329047815637244
0,26,nominal_physics,236.78822282100947,0.9087054621966892
0,26,calibrated_physics,3.863983514802338e-11,12.329047815639186
0,27,rk4_oracle,0.0,14.077983963130926
0,27,nominal_physics,234.97505973093675,0.8668467186709535
0,27,calibrated_physics,1.7089252784458234e-11,14.077983963131729
0,28,rk4_oracle,0.0,14.199017968264108
0,28,nominal_physics,214.97513540347342,0.19259456352848486
0,28,calibrated_physics,2.741886207150314e-11,14.199017968265554
0,29,rk4_oracle,0.0,15.040978829110426
0,29,nominal_physics,238.6574844666573,0.9396443747467036
0,29,calibrated_physics,4.579030886769935e-11,15.04097882910805
0.02,0,rk4_oracle,0.0,15.124508771276215
0.02,0,nominal_physics,235.56237699809574,0.7851037798905347
0.02,0,calibrated_physics,0.0006339675924300655,15.12454068668579
0.02,1,rk4_oracle,0.0,13.473615671715898
0.02,1,nominal_physics,205.30985670884053,0.9567454346737513
0.02,1,calibrated_physics,0.000550148056344082,13.473643043037644
0.02,2,rk4_oracle,0.0,12.265113713965118
0.02,2,nominal_physics,225.7902867171783,0.5099289594610176
0.02,2,calibrated_physics,0.00034250792990531495,12.265130693883245
0.02,3,rk4_oracle,0.0,14.714984972278138
0.02,3,nominal_physics,225.42552957241543,0.5156384106452037
0.02,3,calibrated_physics,0.0005001963711846055,14.715011324609263
0.02,4,rk4_oracle,0.0,12.514498151798563
0.02,4,nominal_physics,203.65531543178162,0.37900641238869665
0.02,4,calibrated_physics,0.0004175757668521376,12.514519028610406
0.02,5,rk4_oracle,0.0,12.68067395771356
0.02,5,nominal_physics,211.55356680097918,0.48987005798979383
0.02,5,calibrated_physics,0.00027862954692966466,12.680689131373004
0.02,6,rk4_oracle,0.0,11.697781724520091
0.02,6,nominal_physics,205.67527234813457,0.38721455984864905
0.02,6,calibrated_physics,0.00046950422814405983,11.697803347993107
0.02,7,rk4_oracle,0.0,12.563898713872327
0.02,7,nominal_physics,208.84941996729592,0.16537140388168647
0.02,7,calibrated_physics,0.00039352671819935887,12.563918530612561
0.02,8,rk4_oracle,0.0,12.644269707832667
0.02,8,nominal_physics,234.12961647918337,0.3773119660376398
0.02,8,calibrated_physics,0.00040201501436289,12.644289169236476
0.02,9,rk4_oracle,0.0,14.240225168575813
0.02,9,nominal_physics,232.78772533392595,0.3712677628262806
0.02,9,calibrated_physics,0.0003611423604691005,14.240244855731984
0.02,10,rk4_oracle,0.0,13.393040798333708
0.02,10,nominal_physics,220.43183010323537,0.5211452931153712
0.02,10,calibrated_physics,0.0002979270963750396,13.393057251127704
0.02,11,rk4_oracle,0.0,12.817186906685475
0.02,11,nominal_physics,228.9348460627736,0.04813951497458398
0.02,11,calibrated_physics,0.00047285811019870665,12.817209410988673
0.02,12,rk4_oracle,0.0,13.81288961386847
0.02,12,nominal_physics,249.99762326482863,0.4889504321486271
0.02,12,calibrated_physics,0.00043109866728042475,13.812911148189578
0.02,13,rk4_oracle,0.0,15.631005230120044
0.02,13,nominal_physics,237.84031409741877,0.7173510068676432
0.02,13,calibrated_physics,0.0006021691330730602,15.631036584205983
0.02,14,rk4_oracle,0.0,11.062967227088906
0.02,14,nominal_physics,214.99219162943544,0.7366042992106874
0.02,14,calibrated_physics,0.00027635241375339423,11.06298069903313
0.02,15,rk4_oracle,0.0,11.06574983408884
0.02,15,nominal_physics,208.3322206858391,0.2688648270978362
0.02,15,calibrated_physics,0.0003364065059630537,11.065765714020035
0.02,16,rk4_oracle,0.0,15.155475901881974
0.02,16,nominal_physics,252.96495016073544,0.0037481997937660696
0.02,16,calibrated_physics,0.0005263012591591865,15.15550285812101
0.02,17,rk4_oracle,0.0,15.901616113384184
0.02,17,nominal_physics,237.96955322773655,0.8789847849590499
0.02,17,calibrated_physics,0.0006390178258756498,15.901649397896035
0.02,18,rk4_oracle,0.0,15.582736501792422
0.02,18,nominal_physics,258.99797004955394,0.6172662697703002
0.02,18,calibrated_physics,0.0004132243928708228,15.582759123484545
0.02,19,rk4_oracle,0.0,15.842966028238864
0.02,19,nominal_physics,249.82071163672535,0.22873359914440486
0.02,19,calibrated_physics,0.00043625647511009655,15.842990237565562
0.02,20,rk4_oracle,0.0,12.626014680535576
0.02,20,nominal_physics,222.09784560237082,0.12305303271866165
0.02,20,calibrated_physics,0.0003971431827343865,12.626034291429582
0.02,21,rk4_oracle,0.0,13.010152942011496
0.02,21,nominal_physics,199.55944130751251,0.2967560435378319
0.02,21,calibrated_physics,0.0003572346199942667,13.010172129029511
0.02,22,rk4_oracle,0.0,12.533240369351823
0.02,22,nominal_physics,214.47071384281682,0.3122806100474142
0.02,22,calibrated_physics,0.00032325398511747226,12.533257173456219
0.02,23,rk4_oracle,0.0,11.730493893465594
0.02,23,nominal_physics,222.41283707226273,0.7114555684366111
0.02,23,calibrated_physics,0.0003003948108647542,11.730508772279213
0.02,24,rk4_oracle,0.0,11.997957983574365
0.02,24,nominal_physics,221.81534192273287,0.6875421132297268
0.02,24,calibrated_physics,0.0002981167501184606,11.997973051912423
0.02,25,rk4_oracle,0.0,13.071984142339398
0.02,25,nominal_physics,254.67664584449463,1.353577603308952
0.02,25,calibrated_physics,0.0003062441154846736,13.071999843660038
0.02,26,rk4_oracle,0.0,13.065619231934413
0.02,26,nominal_physics,206.54212005915215,0.6938134063295033
0.02,26,calibrated_physics,0.0004993559817100088,13.065643948566432
0.02,27,rk4_oracle,0.0,12.147375916871265
0.02,27,nominal_physics,191.88453204545138,1.0825847129836512
0.02,27,calibrated_physics,0.0005785939354197927,12.14740278957623
0.02,28,rk4_oracle,0.0,13.094606241527995
0.02,28,nominal_physics,221.69563363524392,0.5047469534502396
0.02,28,calibrated_physics,0.0003106081507300767,13.094622907700831
0.02,29,rk4_oracle,0.0,10.776586549593077
0.02,29,nominal_physics,208.82774943006444,0.20786112444580404
0.02,29,calibrated_physics,0.00036037436646432113,10.776602947929346
0.05,0,rk4_oracle,0.0,15.260815215088334
0.05,0,nominal_physics,242.82413596845933,1.2113875590205796
0.05,0,calibrated_physics,0.0022184626334730466,15.260919340355942
0.05,1,rk4_oracle,0.0,16.278562263546092
0.05,1,nominal_physics,241.38388297981598,1.4164983803587978
0.05,1,calibrated_physics,0.002179781284428688,16.278670529633946
0.05,2,rk4_oracle,0.0,16.363909331468875
0.05,2,nominal_physics,249.91801545009776,0.31035667626729524
0.05,2,calibrated_physics,0.001396897382051764,16.36398516769994
0.05,3,rk4_oracle,0.0,12.801715987471166
0.05,3,nominal_physics,205.75493864991796,0.7857339454529157
0.05,3,calibrated_physics,0.0013883534024298253,12.801782605661918
0.05,4,rk4_oracle,0.0,14.460717884114343
0.05,4,nominal_physics,227.5726133508657,0.25636018808383104
0.05,4,calibrated_physics,0.00091018929964948,14.46076875723775
0.05,5,rk4_oracle,0.0,12.765921899574089
0.05,5,nominal_physics,240.29633400584203,0.19849718556911644
0.05,5,calibrated_physics,0.0012290119157859231,12.765979137118093
0.05,6,rk4_oracle,0.0,15.005277196154145
0.05,6,nominal_physics,246.8624079673337,0.26997401304666735
0.05,6,calibrated_physics,0.0011165226592990594,15.005336918760557
0.05,7,rk4_oracle,0.0,14.089182028995989
0.05,7,nominal_physics,244.32744665089552,0.8193145386797358
0.05,7,calibrated_physics,0.000871159997801169,14.089229031918933
0.05,8,rk4_oracle,0.0,12.334575065169862
0.05,8,nominal_physics,214.29926207792485,0.4755950192453394
0.05,8,calibrated_physics,0.0007677056923985145,12.334615207770883
0.05,9,rk4_oracle,0.0,13.89082582895771
0.05,9,nominal_physics,248.46373491904063,0.9000289928259511
0.05,9,calibrated_physics,0.0008883129684832227,13.890872754730184
0.05,10,rk4_oracle,0.0,12.071047140137773
0.05,10,nominal_physics,212.2393181475391,0.16671471781309405
0.05,10,calibrated_physics,0.0009078109061065762,12.071092278580439
0.05,11,rk4_oracle,0.0,14.050374996868095
0.05,11,nominal_physics,233.50523388003182,0.593799409806327
0.05,11,calibrated_physics,0.0008505063009350021,14.050421750731463
0.05,12,rk4_oracle,0.0,15.119875351038726
0.05,12,nominal_physics,230.7283017611289,1.2567796086500853
0.05,12,calibrated_physics,0.0019831111129754667,15.119971746519223
0.05,13,rk4_oracle,0.0,12.931100769787
0.05,13,nominal_physics,221.99965474666598,0.753121305138001
0.05,13,calibrated_physics,0.0016810360313617963,12.93117670459171
0.05,14,rk4_oracle,0.0,12.902816174598188
0.05,14,nominal_physics,200.84788583622932,0.48498994290638353
0.05,14,calibrated_physics,0.0010613334907089446,12.90287096692058
0.05,15,rk4_oracle,0.0,13.570297672369293
0.05,15,nominal_physics,206.46506482162005,0.1717825249655752
0.05,15,calibrated_physics,0.0009057743683139105,13.570347550171027
0.05,16,rk4_oracle,0.0,13.903132052982686
0.05,16,nominal_physics,238.60722477180818,0.3682020726792732
0.05,16,calibrated_physics,0.0010234918024577466,13.90318523391463
0.05,17,rk4_oracle,0.0,11.656722666690627
0.05,17,nominal_physics,227.30947779740006,0.7262309527549786
0.05,17,calibrated_physics,0.0008227412945595134,11.656762387047742
0.05,18,rk4_oracle,0.0,11.177069007473042
0.05,18,nominal_physics,215.52267782977822,0.03288194962365621
0.05,18,calibrated_physics,0.0011556862814315575,11.177120045970389
0.05,19,rk4_oracle,0.0,13.306311536870627
0.05,19,nominal_physics,216.08864198339273,0.2286693203016159
0.05,19,calibrated_physics,0.0008496618569643192,13.306357519838599
0.05,20,rk4_oracle,0.0,16.062524504996308
0.05,20,nominal_physics,245.38232745822893,0.34679040016459006
0.05,20,calibrated_physics,0.0013742225860431557,16.062598765789502
0.05,21,rk4_oracle,0.0,15.226435378017024
0.05,21,nominal_physics,234.2121028848167,0.8719124678362745
0.05,21,calibrated_physics,0.0016666307779349566,15.226519544204999
0.05,22,rk4_oracle,0.0,14.020605765246534
0.05,22,nominal_physics,214.17561471595593,1.0126969270019153
0.05,22,calibrated_physics,0.0015633224158043617,14.020683183860264
0.05,23,rk4_oracle,0.0,14.971439433444345
0.05,23,nominal_physics,233.73532031306988,1.2007833777878805
0.05,23,calibrated_physics,0.002031393334805906,14.971536461771402
0.05,24,rk4_oracle,0.0,13.166421073300075
0.05,24,nominal_physics,226.65655581731602,0.02479710897406026
0.05,24,calibrated_physics,0.0011373031980495298,13.166477401929125
0.05,25,rk4_oracle,0.0,12.868120742441619
0.05,25,nominal_physics,197.59474679285373,0.9843014264841244
0.05,25,calibrated_physics,0.001385371123131171,12.8681884723208
0.05,26,rk4_oracle,0.0,13.917204078972768
0.05,26,nominal_physics,230.36211856838887,0.5947673344165528
0.05,26,calibrated_physics,0.0015437987077752918,13.91727837651759
0.05,27,rk4_oracle,0.0,13.68562849067725
0.05,27,nominal_physics,223.5487750203857,0.020439279381379762
0.05,27,calibrated_physics,0.0010474795036755477,13.685683202816175
0.05,28,rk4_oracle,0.0,12.555347700379697
0.05,28,nominal_physics,208.0935811589883,0.53247067756128
0.05,28,calibrated_physics,0.0012581621820665593,12.555408205357754
0.05,29,rk4_oracle,0.0,11.67651334387209
0.05,29,nominal_physics,190.02270348140465,0.8923252807288367
0.05,29,calibrated_physics,0.0013554650523148267,11.67657588048161
0.1,0,rk4_oracle,0.0,13.316340359125713
0.1,0,nominal_physics,208.87108332874828,0.2516544377064277
0.1,0,calibrated_physics,0.0016003953011474745,13.316430272800481
0.1,1,rk4_oracle,0.0,14.341895099032081
0.1,1,nominal_physics,247.66589236621851,0.5007015968537049
0.1,1,calibrated_physics,0.0022077238226863873,14.342010601002851
0.1,2,rk4_oracle,0.0,13.3559685069976
0.1,2,nominal_physics,208.99252813288334,0.8124770114450176
0.1,2,calibrated_physics,0.0029330090660655574,13.356113203020747
0.1,3,rk4_oracle,0.0,12.489268920591098
0.1,3,nominal_physics,230.1412848612409,0.8682835032608076
0.1,3,calibrated_physics,0.0016055443989910424,12.489351825036708
0.1,4,rk4_oracle,0.0,12.307758312244959
0.1,4,nominal_physics,208.05110080671008,0.07293246785733677
0.1,4,calibrated_physics,0.0020479547075145385,12.307860935970023
0.1,5,rk4_oracle,0.0,10.98787185735348
0.1,5,nominal_physics,212.88222185704444,0.8740699872084358
0.1,5,calibrated_physics,0.0013507573664955875,10.987939169277029
0.1,6,rk4_oracle,0.0,13.966744504586584
0.1,6,nominal_physics,214.8309046471946,1.0629097754122943
0.1,6,calibrated_physics,0.0034519085159624,13.966913100755184
0.1,7,rk4_oracle,0.0,13.829645274179295
0.1,7,nominal_physics,236.13518361638785,0.02000426327315571
0.1,7,calibrated_physics,0.0025773159965968217,13.829774066748058
0.1,8,rk4_oracle,0.0,14.840363120183094
0.1,8,nominal_physics,239.12559167638008,0.27187358626397296
0.1,8,calibrated_physics,0.0021622965991120865,14.840481274005318
0.1,9,rk4_oracle,0.0,13.003567335667157
0.1,9,nominal_physics,232.1229855901211,0.18177636678885423
0.1,9,calibrated_physics,0.002324482842151933,13.003681212513444
0.1,10,rk4_oracle,0.0,13.84013503133109
0.1,10,nominal_physics,226.37027051685607,0.10558624470745176
0.1,10,calibrated_physics,0.0023772359908399827,13.840257806604228
0.1,11,rk4_oracle,0.0,12.718549761802477
0.1,11,nominal_physics,241.48618374764789,0.025752745052208075
0.1,11,calibrated_physics,0.0029208438581087947,12.718681712030033
0.1,12,rk4_oracle,0.0,14.025960605966944
0.1,12,nominal_physics,241.27471647945433,0.5119692718018869
0.1,12,calibrated_physics,0.003536708561433032,14.02612614521676
0.1,13,rk4_oracle,0.0,13.377395446697337
0.1,13,nominal_physics,226.16132472512086,0.07622870477460125
0.1,13,calibrated_physics,0.0022215695644797855,13.377508859333332
0.1,14,rk4_oracle,0.0,13.433202584164064
0.1,14,nominal_physics,200.95278216753186,1.459421979234546
0.1,14,calibrated_physics,0.0038682910752603924,13.433385518834525
0.1,15,rk4_oracle,0.0,14.037798028942747
0.1,15,nominal_physics,238.53839299086832,0.793496940185907
0.1,15,calibrated_physics,0.004001623034134616,14.03798120685545
0.1,16,rk4_oracle,0.0,16.22278371423726
0.1,16,nominal_physics,240.1875151537895,1.5006617337017873
0.1,16,calibrated_physics,0.004765009831714781,16.223018373853446
0.1,17,rk4_oracle,0.0,13.648287623559533
0.1,17,nominal_physics,244.6526610831226,0.35994855854381064
0.1,17,calibrated_physics,0.0035011843445527558,13.648447596256213
0.1,18,rk4_oracle,0.0,16.346950035843324
0.1,18,nominal_physics,250.4396042804862,0.15851535513165585
0.1,18,calibrated_physics,0.002770086451318426,16.347102262838057
0.1,19,rk4_oracle,0.0,16.702350428901912
0.1,19,nominal_physics,246.1639859168351,1.4455185948051064
0.1,19,calibrated_physics,0.004739047073672702,16.702587457017206
0.1,20,rk4_oracle,0.0,14.842486289469424
0.1,20,nominal_physics,245.80885332453786,0.7794465107204661
0.1,20,calibrated_physics,0.004012478887725163,14.842676069814098
0.1,21,rk4_oracle,0.0,14.716526413056611
0.1,21,nominal_physics,262.8204130978984,0.35877104797800025
0.1,21,calibrated_physics,0.002767749147776,14.716664171998142
0.1,22,rk4_oracle,0.0,15.231797815846692
0.1,22,nominal_physics,223.90895274885312,1.67032117424742
0.1,22,calibrated_physics,0.004761553762021585,15.232026524952763
0.1,23,rk4_oracle,0.0,12.428586127329625
0.1,23,nominal_physics,193.96672356158638,1.1656894052815983
0.1,23,calibrated_physics,0.003309267257577048,12.428740366212251
0.1,24,rk4_oracle,0.0,12.834223039100882
0.1,24,nominal_physics,191.62922861631165,1.2695091322711671
0.1,24,calibrated_physics,0.003230516788629196,12.834378924779532
0.1,25,rk4_oracle,0.0,15.196718758121095
0.1,25,nominal_physics,230.51784875894296,0.3137553728653648
0.1,25,calibrated_physics,0.0025248443348284927,15.196856385885456
0.1,26,rk4_oracle,0.0,11.144762887011717
0.1,26,nominal_physics,218.37056213506352,0.8316982574685549
0.1,26,calibrated_physics,0.001484236774245161,11.144835502230144
0.1,27,rk4_oracle,0.0,12.230638930859158
0.1,27,nominal_physics,219.1674488283457,0.24807465252720515
0.1,27,calibrated_physics,0.0019878721087872382,12.230736908729439
0.1,28,rk4_oracle,0.0,12.868512900761964
0.1,28,nominal_physics,249.6544808721041,1.440992451657516
0.1,28,calibrated_physics,0.0015141886818588392,12.868591788219838
0.1,29,rk4_oracle,0.0,13.470611682074635
0.1,29,nominal_physics,212.00548512070478,0.293923975188233
0.1,29,calibrated_physics,0.0022346239289676335,13.470728853287051
0.2,0,rk4_oracle,0.0,11.905317724391505
0.2,0,nominal_physics,205.26165406295505,0.07360576904500861
0.2,0,calibrated_physics,0.004582981241553316,11.905542813364612
0.2,1,rk4_oracle,0.0,14.348689066392184
0.2,1,nominal_physics,244.5615041350107,0.5485228359982273
0.2,1,calibrated_physics,0.008215636197990595,14.349076060190237
0.2,2,rk4_oracle,0.0,14.015428646028784
0.2,2,nominal_physics,263.98757029706513,0.8987114314102851
0.2,2,calibrated_physics,0.0050377460556947536,14.015681160756788
0.2,3,rk4_oracle,0.0,13.809031130390196
0.2,3,nominal_physics,206.33580575727393,1.1104781943799595
0.2,3,calibrated_physics,0.007219319155192483,13.80939129965289
0.2,4,rk4_oracle,0.0,14.248521007132366
0.2,4,nominal_physics,250.5530505966328,0.9378038099656052
0.2,4,calibrated_physics,0.004193336602925157,14.248746703355673
0.2,5,rk4_oracle,0.0,14.757087430747067
0.2,5,nominal_physics,261.8428861280098,0.9153443552126609
0.2,5,calibrated_physics,0.004739241376609766,14.757338817838233
0.2,6,rk4_oracle,0.0,13.530857610118368
0.2,6,nominal_physics,256.72496926190087,0.8040402535245583
0.2,6,calibrated_physics,0.004951947937038313,13.531102315223936
0.2,7,rk4_oracle,0.0,11.099728219524101
0.2,7,nominal_physics,210.89255393606044,0.7980399583185319
0.2,7,calibrated_physics,0.0030778268218767885,11.099882906920472
0.2,8,rk4_oracle,0.0,13.34202062397804
0.2,8,nominal_physics,249.18585345781725,0.42573376480333186
0.2,8,calibrated_physics,0.005549239924522789,13.342287854001517
0.2,9,rk4_oracle,0.0,14.79412555178687
0.2,9,nominal_physics,236.42876406317296,1.270933148568472
0.2,9,calibrated_physics,0.01059921125133039,14.79461506017367
0.2,10,rk4_oracle,0.0,13.874353554800397
0.2,10,nominal_physics,257.47908092099823,1.0295232492659796
0.2,10,calibrated_physics,0.004417606400885178,13.874581634198828
0.2,11,rk4_oracle,0.0,11.964471165130199
0.2,11,nominal_physics,227.73135698926447,1.220196084488414
0.2,11,calibrated_physics,0.002962132239534353,11.964626301307323
0.2,12,rk4_oracle,0.0,12.30474472054461
0.2,12,nominal_physics,205.90388294085417,0.2857427575828253
0.2,12,calibrated_physics,0.005092830932740063,12.304995310237077
0.2,13,rk4_oracle,0.0,15.797103010291941
0.2,13,nominal_physics,246.65008201902398,1.286578541534979
0.2,13,calibrated_physics,0.010862356093545912,15.797620674708114
0.2,14,rk4_oracle,0.0,12.483587368424185
0.2,14,nominal_physics,230.14019891192828,0.10254551675951515
0.2,14,calibrated_physics,0.005535672984486249,12.483847590294701
0.2,15,rk4_oracle,0.0,13.713311507737165
0.2,15,nominal_physics,220.92641104291826,0.29553314103600603
0.2,15,calibrated_physics,0.004058892923803522,13.713534475445913
0.2,16,rk4_oracle,0.0,16.835558234257537
0.2,16,nominal_physics,259.526044321522,0.35649713048383863
0.2,16,calibrated_physics,0.007347406608451148,16.835952021888744
0.2,17,rk4_oracle,0.0,14.665172902282317
0.2,17,nominal_physics,260.0553489637262,0.835110796012746
0.2,17,calibrated_physics,0.004834339377872113,14.665427562212901
0.2,18,rk4_oracle,0.0,13.009930939264034
0.2,18,nominal_physics,211.4967900552616,0.8174442514414905
0.2,18,calibrated_physics,0.007132839486249926,13.010268485199525
0.2,19,rk4_oracle,0.0,13.851335473264603
0.2,19,nominal_physics,210.5197840652508,0.32939578270378855
0.2,19,calibrated_physics,0.004864237413896622,13.85159874331575
0.2,20,rk4_oracle,0.0,14.353760063116463
0.2,20,nominal_physics,254.9608446425052,0.3746456735921651
0.2,20,calibrated_physics,0.005761086395924723,14.354049161865081
0.2,21,rk4_oracle,0.0,13.49132704770803
0.2,21,nominal_physics,232.3056963802518,0.8096686150636093
0.2,21,calibrated_physics,0.008900441485782559,13.491726696767643
0.2,22,rk4_oracle,0.0,13.066839373089202
0.2,22,nominal_physics,218.40919082330362,0.013285259005826828
0.2,22,calibrated_physics,0.004843567427872817,13.067086823758743
0.2,23,rk4_oracle,0.0,15.277181397607512
0.2,23,nominal_physics,236.27539389571336,0.1484527400312315
0.2,23,calibrated_physics,0.004857236168384977,15.277454192595252
0.2,24,rk4_oracle,0.0,13.74585202284685
0.2,24,nominal_physics,233.6612036242081,0.5566332974760325
0.2,24,calibrated_physics,0.007613285847326005,13.746210213884938
0.2,25,rk4_oracle,0.0,12.208526863807602
0.2,25,nominal_physics,217.28325027356848,0.7000494560644421
0.2,25,calibrated_physics,0.00337711861383051,12.20870421292971
0.2,26,rk4_oracle,0.0,12.545802015782748
0.2,26,nominal_physics,190.22940077178794,1.2459113220556963
0.2,26,calibrated_physics,0.007298143611088337,12.546148562317972
0.2,27,rk4_oracle,0.0,11.581885981851903
0.2,27,nominal_physics,215.2214800427752,0.4168916850910215
0.2,27,calibrated_physics,0.004001656010755204,11.582080876649556
0.2,28,rk4_oracle,0.0,15.423851083111812
0.2,28,nominal_physics,272.71965170253253,0.9618727585238468
0.2,28,calibrated_physics,0.0051122770211860956,15.424123342395665
0.2,29,rk4_oracle,0.0,15.52295099574095
0.2,29,nominal_physics,248.62746826226694,0.11330676108702371
0.2,29,calibrated_physics,0.006306828144057471,15.523283831849838
0.5,0,rk4_oracle,0.0,14.41174460898786
0.5,0,nominal_physics,217.96263527974116,0.08330764731721002
0.5,0,calibrated_physics,0.018132950193119175,14.412761102260381
0.5,1,rk4_oracle,0.0,12.268331693903312
0.5,1,nominal_physics,221.67402545830564,0.27512634247506557
0.5,1,calibrated_physics,0.02535611626880122,12.26948923150371
0.5,2,rk4_oracle,0.0,14.05399094383308
0.5,2,nominal_physics,219.5629203605652,0.6189777591878155
0.5,2,calibrated_physics,0.02549405899334029,14.055288521329267
0.5,3,rk4_oracle,0.0,12.975396017116994
0.5,3,nominal_physics,221.70152103807027,0.5016159582607027
0.5,3,calibrated_physics,0.027214368033513108,12.976674318910177
0.5,4,rk4_oracle,0.0,14.736558109146541
0.5,4,nominal_physics,236.78828881519658,0.4869026127795128
0.5,4,calibrated_physics,0.027976780375355188,14.737968876469484
0.5,5,rk4_oracle,0.0,14.120319158838711
0.5,5,nominal_physics,228.07509840245334,0.027725092077912322
0.5,5,calibrated_physics,0.020066085414602763,14.121385048301091
0.5,6,rk4_oracle,0.0,13.59927434298816
0.5,6,nominal_physics,233.11000639967875,0.21205843772601082
0.5,6,calibrated_physics,0.025282401045340814,13.600504786090184
0.5,7,rk4_oracle,0.0,12.76234075059484
0.5,7,nominal_physics,217.39376964823919,0.29750798882431045
0.5,7,calibrated_physics,0.01642968220264919,12.763197078099264
0.5,8,rk4_oracle,0.0,13.640202044944722
0.5,8,nominal_physics,211.14973469141685,1.1473324032166903
0.5,8,calibrated_physics,0.03233880862697784,13.641749384297741
0.5,9,rk4_oracle,0.0,13.414865697047166
0.5,9,nominal_physics,253.76424218329478,0.6104387975462038
0.5,9,calibrated_physics,0.021265579553100898,13.415898560213325
0.5,10,rk4_oracle,0.0,12.771814122122818
0.5,10,nominal_physics,220.27766257513733,0.1952206300480002
0.5,10,calibrated_physics,0.022657663245081696,12.772910583477142
0.5,11,rk4_oracle,0.0,13.436925330784357
0.5,11,nominal_physics,209.72778153075674,0.9374269360029824
0.5,11,calibrated_physics,0.028569452550176812,13.43831664516418
0.5,12,rk4_oracle,0.0,15.168772513807932
0.5,12,nominal_physics,244.9689156576477,0.049847140417668426
0.5,12,calibrated_physics,0.02290731703331026,15.169992361240789
0.5,13,rk4_oracle,0.0,14.030479172725126
0.5,13,nominal_physics,253.26415683864082,0.08978380404417004
0.5,13,calibrated_physics,0.029313600124944297,14.031854654386473
0.5,14,rk4_oracle,0.0,14.70124339263861
0.5,14,nominal_physics,224.70837613295413,0.9273572086119329
0.5,14,calibrated_physics,0.030429349814345672,14.70277473270791
0.5,15,rk4_oracle,0.0,13.577426460725489
0.5,15,nominal_physics,228.51352631865132,0.2730189124389178
0.5,15,calibrated_physics,0.018357492474709854,13.57839001955615
0.5,16,rk4_oracle,0.0,11.866719121516034
0.5,16,nominal_physics,203.56192493211051,0.48411465835310996
0.5,16,calibrated_physics,0.02341513319440813,11.867810594309738
0.5,17,rk4_oracle,0.0,11.66448287400921
0.5,17,nominal_physics,222.74032706711344,0.8747248218044003
0.5,17,calibrated_physics,0.013555495543183747,11.665164159320947
0.5,18,rk4_oracle,0.0,13.17108998031068
0.5,18,nominal_physics,236.5774069253434,1.029350813714728
0.5,18,calibrated_physics,0.014107111791581358,13.171847190025408
0.5,19,rk4_oracle,0.0,12.011834169123913
0.5,19,nominal_physics,219.94817096707695,0.5717951838517196
0.5,19,calibrated_physics,0.015241000687012422,12.012601235261249
0.5,20,rk4_oracle,0.0,13.319633381782397
0.5,20,nominal_physics,248.86468032605862,0.020251395365264317
0.5,20,calibrated_physics,0.02819430112763545,13.320922135050491
0.5,21,rk4_oracle,0.0,13.691781156899069
0.5,21,nominal_physics,234.9269533830917,0.6073504445019614
0.5,21,calibrated_physics,0.032094501617955636,13.693267841600283
0.5,22,rk4_oracle,0.0,12.348048362625953
0.5,22,nominal_physics,232.20008538879355,1.0334165997911282
0.5,22,calibrated_physics,0.013713220149104434,12.348757098004523
0.5,23,rk4_oracle,0.0,11.777791702583075
0.5,23,nominal_physics,200.569108178967,0.14798468988845542
0.5,23,calibrated_physics,0.018169553556467568,11.778686155369746
0.5,24,rk4_oracle,0.0,14.532294763946883
0.5,24,nominal_physics,222.69723558595854,1.319914882111331
0.5,24,calibrated_physics,0.037683055243282054,14.534093868950933
0.5,25,rk4_oracle,0.0,15.446416090716761
0.5,25,nominal_physics,243.11108231014074,0.3448206801678795
0.5,25,calibrated_physics,0.02660791796839441,15.447810751323884
0.5,26,rk4_oracle,0.0,11.111033753626563
0.5,26,nominal_physics,199.63356325112537,0.387075501413248
0.5,26,calibrated_physics,0.02249066915877359,11.112044930623936
0.5,27,rk4_oracle,0.0,14.657546007408476
0.5,27,nominal_physics,218.396567851565,1.2564640898282289
0.5,27,calibrated_physics,0.03377407528107535,14.65921998872004
0.5,28,rk4_oracle,0.0,11.49732040133742
0.5,28,nominal_physics,204.97925959892603,0.08300677976738524
0.5,28,calibrated_physics,0.019071531663805177,11.498225112120249
0.5,29,rk4_oracle,0.0,14.91361228452013
0.5,29,nominal_physics,250.09000240508308,0.292026721582041
0.5,29,calibrated_physics,0.029357744127976752,14.915063211157621
