epsilon,method,horizon_steps,horizon_seconds,trajectory_rmse_rad_s,trajectory_rmse_ci95_low_rad_s,trajectory_rmse_ci95_high_rad_s
0.0,nominal_physics,10,0.1,3.169272736585046,2.4834761465575483,3.804255163369381
0.0,nominal_physics,50,0.5,7.428978809438387,5.830190654929695,8.919436154686302
0.0,nominal_physics,100,1.0,7.177050899035323,5.596219056047945,8.661662316253892
0.0,nominal_physics,200,2.0,5.392056481200602,4.193223886914885,6.536995701241041
0.0,calibrated_physics,10,0.1,2.35326054893608e-05,1.854299552963269e-05,2.842351252854804e-05
0.0,calibrated_physics,50,0.5,0.0001167381877700321,9.079849638901105e-05,0.00014219277414328685
0.0,calibrated_physics,100,1.0,0.00022261498605493269,0.00017216106663201094,0.00027223608062481176
0.0,calibrated_physics,200,2.0,0.0003374555896789585,0.0002575953436483265,0.0004157193488938173
0.0,gru_residual_seed7,10,0.1,0.06556508050509191,0.05295767940286377,0.07721560255932024
0.0,gru_residual_seed7,50,0.5,0.0561039979377256,0.04534963582372046,0.06607657386153987
0.0,gru_residual_seed7,100,1.0,0.05923148144760087,0.04785328681983424,0.06973407030367186
0.0,gru_residual_seed7,200,2.0,0.05972515763202476,0.04827367947384259,0.07029869497645151
0.0,gru_residual_seed19,10,0.1,0.08697096500702185,0.07020215242519094,0.10241717438526303
0.0,gru_residual_seed19,50,0.5,0.059125965566416354,0.04804217879763356,0.06947847346178719
0.0,gru_residual_seed19,100,1.0,0.05827128464319102,0.047303132031665224,0.06849292820620868
0.0,gru_residual_seed19,200,2.0,0.05946671841132073,0.04831912023312273,0.06986289344653605
0.0,gru_residual_seed31,10,0.1,0.06286320819543324,0.050951684608105965,0.07381256892274299
0.0,gru_residual_seed31,50,0.5,0.05881761239465976,0.04790994198014634,0.06899184565125391
0.0,gru_residual_seed31,100,1.0,0.05185355595846235,0.042291388257480425,0.06081034592680647
0.0,gru_residual_seed31,200,2.0,0.052826450322146744,0.04295372723555282,0.06200359564220397
0.0,jepa_residual_seed7,10,0.1,0.3405014683716611,0.32208236591023287,0.35917519266524395
0.0,jepa_residual_seed7,50,0.5,0.4178182028486118,0.4090655321452042,0.42742533558282786
0.0,jepa_residual_seed7,100,1.0,0.35585977355208387,0.3466648942332439,0.3657482801066444
0.0,jepa_residual_seed7,200,2.0,0.3153004004961801,0.30673871996259416,0.3241411922688598
0.0,jepa_residual_seed19,10,0.1,0.39554667510326486,0.3868588068961297,0.4054220046170387
0.0,jepa_residual_seed19,50,0.5,0.53467160017115,0.5274661927684309,0.542096784627617
0.0,jepa_residual_seed19,100,1.0,0.5748674698415961,0.5680838402692682,0.5820295255137455
0.0,jepa_residual_seed19,200,2.0,0.5792890115914803,0.5719658402482292,0.5869825008656804
0.0,jepa_residual_seed31,10,0.1,0.5636134245201574,0.5556476807177304,0.5720635286429582
0.0,jepa_residual_seed31,50,0.5,0.45524267108272515,0.4501104536388424,0.4607203127734985
0.0,jepa_residual_seed31,100,1.0,0.419595807059708,0.41678416794649514,0.42267691631825716
0.0,jepa_residual_seed31,200,2.0,0.42897742460874433,0.42685807413279026,0.4312896104983653
0.1,nominal_physics,10,0.1,3.169766020240812,2.486802107280777,3.8035622055111817
0.1,nominal_physics,50,0.5,7.426175132625434,5.829842992162304,8.915084955147297
0.1,nominal_physics,100,1.0,7.172658775263567,5.6002862339253765,8.649265696194256
0.1,nominal_physics,200,2.0,5.388359272555242,4.192982652314758,6.527523099366714
0.1,calibrated_physics,10,0.1,0.0022872517390839005,0.0021497436312898394,0.0024182941861094895
0.1,calibrated_physics,50,0.5,0.028533371182225247,0.027185818126776153,0.029791894423936302
0.1,calibrated_physics,100,1.0,0.0724676137223562,0.0692408598391294,0.07556315774074657
0.1,calibrated_physics,200,2.0,0.13020010999890916,0.12342604287432954,0.1367530308135865
0.1,gru_residual_seed7,10,0.1,0.06598077135312407,0.05331143766716891,0.07770249936571973
0.1,gru_residual_seed7,50,0.5,0.056493398418666234,0.04561514586730711,0.06657372457712976
0.1,gru_residual_seed7,100,1.0,0.0596565539020114,0.048371450461374844,0.07017406862008224
0.1,gru_residual_seed7,200,2.0,0.06225750555375504,0.05108028162606901,0.07282286623512461
0.1,gru_residual_seed19,10,0.1,0.08688451079926829,0.07019534432015971,0.10231041960158649
0.1,gru_residual_seed19,50,0.5,0.05893796078225778,0.04786399178217121,0.06928389576843813
0.1,gru_residual_seed19,100,1.0,0.058292192842118055,0.04753132560420061,0.06835100559335239
0.1,gru_residual_seed19,200,2.0,0.060260818812285157,0.04938639106651374,0.07048651982567393
0.1,gru_residual_seed31,10,0.1,0.06319343671299116,0.05119670286651298,0.07421748740575207
0.1,gru_residual_seed31,50,0.5,0.05918303855269217,0.04809312756909595,0.06952018451242062
0.1,gru_residual_seed31,100,1.0,0.05284859067772946,0.043325192942690584,0.061803815928339056
0.1,gru_residual_seed31,200,2.0,0.05482105856293867,0.04495112022244121,0.0640170195412657
0.1,jepa_residual_seed7,10,0.1,0.270342319505348,0.24462144813455663,0.29777704299635144
0.1,jepa_residual_seed7,50,0.5,0.34190121241595217,0.32436254616979837,0.36072981969926604
0.1,jepa_residual_seed7,100,1.0,0.3122338915250747,0.2975815476723195,0.32827550046943177
0.1,jepa_residual_seed7,200,2.0,0.2992028964932659,0.2877202704250097,0.3116904152774782
0.1,jepa_residual_seed19,10,0.1,0.7262890194824382,0.702667533110934,0.7513182554130646
0.1,jepa_residual_seed19,50,0.5,0.5727675569935132,0.5530712848466244,0.594155872710386
0.1,jepa_residual_seed19,100,1.0,0.5656771069723485,0.5426071416611876,0.5910669261320225
0.1,jepa_residual_seed19,200,2.0,0.5592009285723188,0.5421629486082228,0.5780769839602493
0.1,jepa_residual_seed31,10,0.1,0.2746439716459193,0.2575829956705858,0.2922511813041789
0.1,jepa_residual_seed31,50,0.5,0.39922791293009335,0.39074217047049975,0.40843384179310666
0.1,jepa_residual_seed31,100,1.0,0.4464264209063677,0.4420077379541204,0.45110613367312613
0.1,jepa_residual_seed31,200,2.0,0.40983596153116353,0.40446328777319673,0.4155512196671058
0.2,nominal_physics,10,0.1,3.1705114661492027,2.4887117117767463,3.803786611209324
0.2,nominal_physics,50,0.5,7.422885700212422,5.836071579569769,8.903389006884128
0.2,nominal_physics,100,1.0,7.167345959530942,5.607280059274249,8.639282466028048
0.2,nominal_physics,200,2.0,5.383866074475982,4.193636657504301,6.517405120274326
0.2,calibrated_physics,10,0.1,0.00515650929780349,0.004843536817649156,0.005454146737458448
0.2,calibrated_physics,50,0.5,0.0642076445432933,0.061160681164985714,0.06706166252091553
0.2,calibrated_physics,100,1.0,0.16294020031365025,0.15567164276133763,0.16992958764960275
0.2,calibrated_physics,200,2.0,0.2925308172511586,0.27727800330834473,0.30730498313689286
0.2,gru_residual_seed7,10,0.1,0.06912905646937198,0.05583809681148084,0.08142373585737774
0.2,gru_residual_seed7,50,0.5,0.05958550033483885,0.04831792301523905,0.07006549119218404
0.2,gru_residual_seed7,100,1.0,0.06398542155926887,0.05274010207968337,0.07465975392111038
0.2,gru_residual_seed7,200,2.0,0.06906421025057508,0.057499991423518734,0.08026203263385517
0.2,gru_residual_seed19,10,0.1,0.08720440302624678,0.0705502548320661,0.10268667247610529
0.2,gru_residual_seed19,50,0.5,0.05981227258881862,0.04875844160615118,0.07017769081112163
0.2,gru_residual_seed19,100,1.0,0.06076372222191579,0.05043492898574525,0.07056606342172639
0.2,gru_residual_seed19,200,2.0,0.06563309670123853,0.05493243817290163,0.0758900064431967
0.2,gru_residual_seed31,10,0.1,0.063944057492249,0.05171761473563748,0.07510781306762318
0.2,gru_residual_seed31,50,0.5,0.06077739984839995,0.04970130567689693,0.07121775771401331
0.2,gru_residual_seed31,100,1.0,0.056370396973247944,0.047239803166828145,0.06516194791839373
0.2,gru_residual_seed31,200,2.0,0.06173484111335247,0.05187305555020576,0.07118489683678875
0.2,jepa_residual_seed7,10,0.1,0.26544455025641817,0.24048146543221993,0.29218149367702334
0.2,jepa_residual_seed7,50,0.5,0.33474337579908614,0.31875580835553297,0.35164403832980595
0.2,jepa_residual_seed7,100,1.0,0.3120770287653213,0.2955867414063826,0.3296504994486268
0.2,jepa_residual_seed7,200,2.0,0.2941097432626733,0.27980613707546753,0.3094768981043901
0.2,jepa_residual_seed19,10,0.1,0.6968543701781573,0.687460632196216,0.7068450436099112
0.2,jepa_residual_seed19,50,0.5,0.5480133512269059,0.5381596907458872,0.5578778468699093
0.2,jepa_residual_seed19,100,1.0,0.5308895031057396,0.5208852163940046,0.5410628082897077
0.2,jepa_residual_seed19,200,2.0,0.5236010147481691,0.5146095621868041,0.5328382850238345
0.2,jepa_residual_seed31,10,0.1,0.6858578516749091,0.6793088441044351,0.692781970174816
0.2,jepa_residual_seed31,50,0.5,0.42645485843238756,0.42096026481664633,0.432285666446975
0.2,jepa_residual_seed31,100,1.0,0.3657712813859294,0.3605662894981972,0.3713690765847545
0.2,jepa_residual_seed31,200,2.0,0.36229708504086455,0.35620649518497727,0.3690231608395147
0.5,nominal_physics,10,0.1,3.176950648655432,2.5008029022794256,3.810838580547847
0.5,nominal_physics,50,0.5,7.409174086843462,5.826819039099279,8.869250889601473
0.5,nominal_physics,100,1.0,7.142000752079789,5.603176900186323,8.586974492707967
0.5,nominal_physics,200,2.0,5.362023834126222,4.196309138683823,6.46933900422157
0.5,calibrated_physics,10,0.1,0.020703283959748207,0.01946342442738211,0.021889147778950017
0.5,calibrated_physics,50,0.5,0.2565841561974159,0.24452308914821552,0.26796770119490704
0.5,calibrated_physics,100,1.0,0.6486781780436388,0.6199165100103124,0.6763028588696326
0.5,calibrated_physics,200,2.0,1.1602638191866548,1.100080249867211,1.218678870506523
0.5,gru_residual_seed7,10,0.1,0.07028398193768508,0.056487978123859924,0.0828394407360872
0.5,gru_residual_seed7,50,0.5,0.06991133504644566,0.05996506070914609,0.0795321838607767
0.5,gru_residual_seed7,100,1.0,0.09440519341800173,0.08243275229278478,0.10589819355497211
0.5,gru_residual_seed7,200,2.0,0.12091241909239056,0.10134217449842936,0.13985760255353807
0.5,gru_residual_seed19,10,0.1,0.0930472175382263,0.07555660759545098,0.10929118324611495
0.5,gru_residual_seed19,50,0.5,0.07644820229489732,0.06529072968635677,0.08741720477487633
0.5,gru_residual_seed19,100,1.0,0.09816169256288247,0.08555741984375881,0.11022523537141451
0.5,gru_residual_seed19,200,2.0,0.12570476712296005,0.10567484518366446,0.14500875611001882
0.5,gru_residual_seed31,10,0.1,0.07193544016994724,0.05795987870158055,0.08448136122800612
0.5,gru_residual_seed31,50,0.5,0.0785845623431005,0.0671586240773846,0.08971055782655274
0.5,gru_residual_seed31,100,1.0,0.09581321840847916,0.08376539775407421,0.10729284059374568
0.5,gru_residual_seed31,200,2.0,0.12765318062787656,0.10716963545138958,0.14756352395483335
0.5,jepa_residual_seed7,10,0.1,0.25728536535460783,0.2346775749758433,0.2809439161140359
0.5,jepa_residual_seed7,50,0.5,0.35795190686743156,0.3482132745004776,0.3684610543806112
0.5,jepa_residual_seed7,100,1.0,0.3462450760661286,0.33742115829402153,0.35592331118864867
0.5,jepa_residual_seed7,200,2.0,0.38735185819706547,0.3737804802948742,0.40095564484037444
0.5,jepa_residual_seed19,10,0.1,0.4382245226861871,0.42797134579830093,0.4497058267498593
0.5,jepa_residual_seed19,50,0.5,0.5012884366386582,0.4970845939060389,0.5055165886514551
0.5,jepa_residual_seed19,100,1.0,0.5087477121750144,0.5027489958731851,0.5151034515805706
0.5,jepa_residual_seed19,200,2.0,0.5603678023698917,0.5504558661610371,0.5706157766870302
0.5,jepa_residual_seed31,10,0.1,0.5778328547065134,0.5594513451775078,0.5965245519168525
0.5,jepa_residual_seed31,50,0.5,0.48122859147830765,0.4739446397724305,0.48889361691656863
0.5,jepa_residual_seed31,100,1.0,0.5027763820639545,0.4944572107834526,0.5116480507039627
0.5,jepa_residual_seed31,200,2.0,0.5320827923908742,0.5173586106761512,0.5483275806274139
