configuration,seed,gradient_step,trajectory_loss,latent_loss,ode_loss,variance_loss,total_loss,validation_trajectory_rmse_rad_s
baseline,7,1,0.006254211585479915,0.8702998161315918,17912.271234356267,0.9883099794387817,0.049769204627233686,39.225525049206354
baseline,7,25,0.0005209065373374596,0.16890139877796173,1387.6235732053287,0.9673680663108826,0.00896597666250006,12.643059249369053
baseline,7,50,5.197584048398164e-05,0.0390828438103199,133.38219845013361,0.9735187292098999,0.0020061180775661053,4.238760040977388
baseline,7,75,1.2262386173238195e-05,0.018293896690011024,32.80554280829142,0.9846708178520203,0.0009269572439568538,1.973702672760393
baseline,7,100,5.0798114013185075e-06,0.016582513228058815,12.921817890195154,0.9870721697807312,0.0008342055077288558,1.1413208012611067
baseline,7,125,1.1969389113058235e-06,0.011528033763170242,3.029658312437219,0.9863671064376831,0.0005775986503528824,0.9155749424169966
baseline,7,150,6.560717069347413e-07,0.009166864678263664,1.4935949564795157,0.9849522113800049,0.00045899931726165014,0.6232194460538102
baseline,7,175,5.217749600495182e-07,0.006756470538675785,1.1340765239245363,0.9826375246047974,0.00033834530189383874,0.44037612551333954
baseline,7,200,7.919110647689678e-07,0.00919943768531084,1.9113140027826734,0.980950117111206,0.0004607638069718432,0.49482655567414446
baseline,7,225,6.015488877455565e-07,0.007689596153795719,1.1732029201973593,0.9806118011474609,0.0003850813682190637,0.49950502804249236
baseline,7,250,1.122019840507984e-06,0.006030356977134943,2.882491745534889,0.9806904792785645,0.0003026398861595534,0.762442887941797
baseline,7,275,5.268180065912803e-07,0.005113840103149414,1.1499726768975607,0.9808351397514343,0.00025621884062636025,0.48456409906045894
baseline,7,300,1.3570839729746662e-06,0.00904980767518282,3.2426299610276232,0.9811232089996338,0.00045384746191134956,0.6836862433499398
baseline,7,325,6.565986443967834e-07,0.005892849527299404,1.431462829688151,0.9815050959587097,0.00029529909247166526,0.7074341729457989
baseline,7,350,1.766544848285505e-06,0.011414589360356331,4.504850079636214,0.9817997813224792,0.0005724960361491664,0.7035210156928031
baseline,7,375,1.1290878025036269e-06,0.005759093444794416,2.8316297126534202,0.9822589755058289,0.0002890837542214584,0.6339357196297302
baseline,7,400,6.866803522854006e-07,0.005208869930356741,1.595995201733703,0.9826411604881287,0.00026113019433242075,0.5118289606607478
baseline,7,425,7.396398708555627e-07,0.007660632487386465,1.7014766046354117,0.9828246831893921,0.0003837712817024771,0.4122128045978344
baseline,7,450,6.348297245459413e-07,0.004194089211523533,1.5951003783639044,0.9830033183097839,0.00021033929321110563,0.43480043500002635
baseline,7,475,6.094832160037602e-07,0.004249888006597757,1.4049112604131047,0.9832066297531128,0.00021310388354589164,0.5743718797275668
baseline,7,500,1.0661502975605008e-06,0.005778063554316759,2.5403823265672276,0.9833611249923706,0.00028996933965493065,0.5726660745464909
baseline,7,525,6.812763446625547e-07,0.005801095161587,1.663590723285088,0.9835461378097534,0.0002907360460655447,0.5266456121734006
baseline,7,550,7.733948546749364e-07,0.006365133449435234,1.8298524972721506,0.9836938381195068,0.0003190300673264366,0.46892630714611727
baseline,7,575,1.0555099927935184e-06,0.008905119262635708,2.825858434275308,0.983825147151947,0.0004463114905868772,0.5919224387762712
baseline,7,600,9.687533347735576e-07,0.005382265895605087,2.2480171566679408,0.9838671088218689,0.00027008206557732617,0.5211140139967847
baseline,7,625,7.948935063538259e-07,0.004556738771498203,1.7690476846204146,0.9838873744010925,0.00022863182917088094,0.4942488161013412
baseline,7,650,1.1360969709140447e-06,0.006565675139427185,3.2301329940592454,0.9839988946914673,0.0003294198539422733,0.6205134964390003
baseline,7,675,9.197002614927677e-07,0.0063902875408530235,2.0645122044263773,0.9840395450592041,0.0003204340947664422,0.5852961478977418
baseline,7,700,6.293591584489975e-07,0.006439161952584982,1.461764279930927,0.9840287566184998,0.0003225874567876981,0.4288324731889778
baseline,7,725,8.714523553029433e-07,0.005699809640645981,2.3026331804289364,0.9840205907821655,0.00028586195184990027,0.5658131015265444
baseline,7,750,7.537672294872259e-07,0.005857214331626892,1.754708950497615,0.9840577840805054,0.000293614495452364,0.5058654962369599
baseline,7,775,9.693240795245685e-07,0.005684284958988428,2.2692926243852334,0.9840542674064636,0.0002851835662081799,0.5788147290375254
baseline,7,800,8.228977266765288e-07,0.0044981432147324085,2.0725297591018257,0.9840299487113953,0.0002257300671944461,0.5656466387847588
baseline,7,825,7.354713340590243e-07,0.006495702546089888,1.7513795873039006,0.9840235710144043,0.00032552059863855343,0.501057149739937
baseline,7,850,5.023782720147776e-07,0.004141252022236586,1.0477666707404423,0.9840482473373413,0.00020756498520461015,0.48394899084063553
baseline,7,875,5.606222041010263e-07,0.004099773708730936,1.3825339567046144,0.9840278625488281,0.00020554930473026478,0.4791066578694374
baseline,7,900,6.212435249500744e-07,0.005097225308418274,1.4716174688346622,0.9840285181999207,0.00025548252640816203,0.49888462988792465
baseline,7,925,4.792451934650957e-07,0.0034920398611575365,1.0202073205627766,0.9840266108512878,0.000175081244072108,0.4317811379630597
baseline,7,950,6.024642608943e-07,0.00513398926705122,1.3790010716531105,0.9840437173843384,0.0002573019450757536,0.5058164264062338
baseline,7,975,4.3333544061103714e-07,0.00421892711892724,0.9186519689712254,0.9839860796928406,0.00021137968847659,0.4038950283745651
baseline,7,1000,6.568953582110413e-07,0.004821483511477709,1.5404492045164138,0.9839884042739868,0.00024173106802171345,0.45455080982165946
baseline,19,1,0.005304435566094716,0.8178296685218811,13400.359715432236,0.9887471199035645,0.04619591899218877,35.828637207687564
baseline,19,25,0.00024947739552239826,0.2619415819644928,708.1628550330869,0.9694370031356812,0.013346556866276067,9.44241092114938
baseline,19,50,6.427928621836635e-05,0.03867840766906738,190.56685275940154,0.9705904722213745,0.001998199716237864,4.692649064430648
baseline,19,75,1.4455549560109615e-05,0.018685072660446167,42.8078339548783,0.9837926626205444,0.0009487091709408857,2.2021605539274165
baseline,19,100,4.231689088833709e-06,0.016175588592886925,10.561937137185597,0.9876298308372498,0.0008130111303747121,1.271716382146807
baseline,19,125,1.282017543379517e-06,0.014184144325554371,3.2676125360771913,0.9872774481773376,0.0007104892221795659,0.8219741435372742
baseline,19,150,2.3656202357547687e-06,0.016150835901498795,6.1663382025539555,0.9860663414001465,0.000809907450235291,0.6837797729067127
baseline,19,175,2.5241245494951984e-06,0.010715545155107975,6.306963209570886,0.9839702844619751,0.0005383013706633618,1.3733113013170026
baseline,19,200,2.7734024354012696e-06,0.012356293387711048,6.967977369290158,0.9808959364891052,0.0006205880601794215,1.0487718415965517
baseline,19,225,1.297151689473206e-06,0.009503272362053394,3.339334564032454,0.97837233543396,0.0004764607814336751,0.6857758006026419
baseline,19,250,2.3797117295133074e-06,0.00855823140591383,6.205833579434709,0.9776262044906616,0.000430291293666737,1.0222705333825222
baseline,19,275,8.986497403598377e-06,0.010570041835308075,25.78569247509096,0.9775640368461609,0.0005374886008105343,0.9027919610404436
baseline,19,300,2.8730210362681418e-06,0.009913389571011066,8.604236564407447,0.977611243724823,0.0004985425112283536,1.5500050608592106
baseline,19,325,3.5105860104381703e-06,0.01029652077704668,8.830430279472045,0.977715015411377,0.0005183366248627722,0.953529039300328
baseline,19,350,1.7603334555608678e-06,0.012154798023402691,4.717142103036724,0.9779746532440186,0.0006095002346256954,0.7841877774055
baseline,19,375,2.4223919162755222e-06,0.009057457558810711,7.169261356257424,0.978236198425293,0.00045529528149834323,1.030008723900109
baseline,19,400,1.992700714005805e-06,0.010162308812141418,5.2206500816506205,0.9786340594291687,0.0005101081529626089,0.9847842375744037
baseline,19,425,1.818355377247093e-06,0.004994081798940897,5.378546432755893,0.9789215922355652,0.00025152243950352587,0.7069037060443849
baseline,19,450,2.1867020175074695e-06,0.008743736892938614,6.3468870730945435,0.9791828989982605,0.00043937355830597037,0.9448591691224361
baseline,19,475,1.8973522195520919e-06,0.006796663161367178,5.144916961244461,0.9793084859848022,0.00034173052775020925,0.8374238684446925
baseline,19,500,4.226857140519258e-06,0.01647837832570076,11.214733753674428,0.9793739318847656,0.000828145761784025,1.0414897072600133
baseline,19,525,2.5211892313231533e-06,0.0077713290229439735,5.8824428777814,0.9796316623687744,0.00039108765202005403,0.774580558069811
baseline,19,550,1.0943575844964229e-06,0.007372116204351187,2.6790868790195916,0.9798521995544434,0.00036970016198128964,0.8235865441102804
baseline,19,575,2.4865890720775986e-06,0.014257179573178291,7.4191806653651176,0.9800858497619629,0.0007153455677309921,0.7272183262147228
baseline,19,600,1.8455285003814208e-06,0.008946720510721207,4.991998952635353,0.9802584648132324,0.00044918155985720784,0.6717798869395101
baseline,19,625,1.5913789672467855e-06,0.00875871255993843,3.8512701718877,0.9801168441772461,0.0004395270186057005,0.7402198785960858
baseline,19,650,2.161071487406118e-06,0.006527105811983347,5.54559022291884,0.9802793860435486,0.0003285163795488717,0.7134828689130006
baseline,19,675,1.3649857769471335e-06,0.006953395903110504,3.324255214415491,0.9802159667015076,0.00034903477511170623,0.9405114142283264
baseline,19,700,1.431481333284933e-06,0.00884507317095995,3.9298256655878507,0.9803118705749512,0.0004436851398812824,0.7880804131536423
baseline,19,725,2.1543751515488962e-06,0.006834476254880428,5.094480976365493,0.9805392622947693,0.0003438781937163364,0.9246938264996227
baseline,19,750,3.155416421090016e-06,0.01038245391100645,8.14147519486555,0.9803774356842041,0.0005222781119714125,0.8797854968485401
baseline,19,775,1.1119409519514133e-06,0.0139430807903409,2.8157635305822897,0.9803469181060791,0.0006982659688274642,0.5942013586616345
baseline,19,800,1.438656539196093e-06,0.004580285400152206,4.014812781022644,0.980555534362793,0.00023045292945718946,0.8674188160675225
baseline,19,825,1.0369259090542565e-06,0.006421723403036594,2.6047150284685774,0.9804115295410156,0.00032212310188165004,0.5739693594460274
baseline,19,850,1.1216268762221395e-06,0.00582587905228138,3.267761095265599,0.9804593920707703,0.0002924155794902911,0.609183778657746
baseline,19,875,1.153727278142637e-06,0.009681610390543938,2.7133101685837335,0.980502724647522,0.00048523424680533954,0.6445288840982606
baseline,19,900,1.0739948344618787e-06,0.008054506964981556,3.0457084083569184,0.9805137515068054,0.00040379935472507184,0.6428070115677873
baseline,19,925,1.698851464783463e-06,0.006690122187137604,4.236446428441454,0.9804890155792236,0.0003362049782839619,0.6485078757225486
baseline,19,950,1.4977038450558084e-06,0.007140394765883684,3.2906615311813154,0.9805583953857422,0.0003585174479600061,0.7433053823192639
baseline,19,975,1.1873022307913692e-06,0.006805070675909519,2.676207698981941,0.980505108833313,0.0003414408534885656,0.5743010967488945
baseline,19,1000,1.0796330503217423e-06,0.006331563927233219,2.480527469252688,0.9804131388664246,0.0003176578294119827,0.5729676721278263
baseline,31,1,0.005759622117798219,0.8453524708747864,17281.791761228975,0.9882544279098511,0.0480272464065956,37.156592041532996
baseline,31,25,0.0006138786220935323,0.17061574757099152,1607.5152401405505,0.9700192213058472,0.009144665814378594,14.335481827665518
baseline,31,50,6.645949785322424e-05,0.028934014961123466,184.85327934770265,0.9751569032669067,0.0015131602691924619,4.743629271140241
baseline,31,75,1.506087064711763e-05,0.012730108574032784,43.300165794142856,0.9838228225708008,0.0006515662993487568,2.2330416933801307
baseline,31,100,5.017389064891346e-06,0.009791345335543156,13.296371518881752,0.9873760938644409,0.0004945846791251135,1.2018058344506048
baseline,31,125,2.4254774768402274e-06,0.009541962295770645,6.401855750240765,0.9874903559684753,0.00047952360972767073,0.9107603248528725
baseline,31,150,2.0639874547699556e-06,0.00830214936286211,5.56564581818824,0.9870921969413757,0.0004171714555978755,0.8318005985399869
baseline,31,175,1.8442055905174599e-06,0.01648094318807125,4.485632446883652,0.9862207174301147,0.0008258913999186766,0.5625471401242983
baseline,31,200,2.078702540833439e-06,0.009043467231094837,4.661461873165375,0.9854855537414551,0.00045425208155787356,0.8454433596793387
baseline,31,225,1.404920858566546e-06,0.006964089348912239,3.875695832635417,0.984351396560669,0.00034960940576647675,0.5847503873574017
baseline,31,250,1.226198964532102e-06,0.006694585084915161,2.7813598994482476,0.9828590154647827,0.0003359554648518223,0.5419651507511656
baseline,31,275,1.301556001209222e-06,0.008971507661044598,3.479044865825964,0.9821728467941284,0.0004498769448742052,0.5993767968681466
baseline,31,300,2.5043068995751142e-06,0.006916131358593702,6.186056506884256,0.98198401927948,0.00034831086900849413,0.985320520706254
baseline,31,325,1.8495095086002732e-06,0.0043597170151770115,4.818668541814821,0.981955885887146,0.00021983536608821694,0.8261691198656366
baseline,31,350,1.1687086424179135e-06,0.004482384771108627,3.077925205488648,0.9821251630783081,0.00022528795010823234,0.7770075966349689
baseline,31,375,2.714723054148384e-06,0.008613325655460358,7.117650584293136,0.9822966456413269,0.00043338101164793234,0.9318919684470244
baseline,31,400,1.3661194275057293e-06,0.007150277495384216,3.6125209020649045,0.9824651479721069,0.00035887998837595046,0.7963734726664914
baseline,31,425,1.0723281892252457e-06,0.005124359857290983,2.6441559072614433,0.9826725721359253,0.0002572903152330083,0.7872279641241177
baseline,31,450,9.609106236788536e-07,0.00526120001450181,2.3719787924021807,0.9829010367393494,0.0002640209171695354,0.6231449719633354
baseline,31,475,1.2015817751737569e-06,0.005210052710026503,2.986257246140221,0.9830381870269775,0.00026170423473879717,0.6155511066137093
baseline,31,500,1.0003590229536178e-06,0.005473912227898836,2.415999818501841,0.9832358360290527,0.00027469598205942763,0.6035344731834563
baseline,31,525,1.0964058966121941e-06,0.006123118568211794,2.7472753181885303,0.9834713935852051,0.00030725234594873406,0.8561593758719701
baseline,31,550,2.039855880036976e-06,0.005728720221668482,5.585577359574124,0.9835401773452759,0.00028847588442575936,0.7278540400131424
baseline,31,575,1.6292817795688232e-06,0.004793508443981409,4.784377691183024,0.983780562877655,0.00024130470979940536,0.8002116673622983
baseline,31,600,7.694493641585592e-06,0.00815364345908165,22.48302628183794,0.9840307235717773,0.0004153766724164342,0.899232663431304
baseline,31,625,1.3281182263702543e-06,0.006104527972638607,3.748066736401833,0.9841486215591431,0.0003065545110375345,0.5403159103760947
baseline,31,650,1.0754442997323773e-06,0.005933812353760004,2.733004583704119,0.9843503832817078,0.0002977660619877326,0.830820896874001
baseline,31,675,1.6961365565357964e-06,0.006225765682756901,4.773780086921121,0.9846364855766296,0.00031298442069438085,0.9311182091838671
baseline,31,700,1.3251912427043734e-06,0.004147680476307869,3.079794557135837,0.9847970008850098,0.0002087092208788639,0.6639248496163581
baseline,31,725,1.647994035159031e-06,0.005492258816957474,4.692300911391182,0.9849175214767456,0.00027626094070379883,0.8313506324167625
baseline,31,750,2.6377772230907024e-06,0.00923413410782814,6.785459855642312,0.9850664138793945,0.0004643444942560299,1.1969851599377923
baseline,31,775,1.35635515623181e-06,0.005667348857969046,3.453133083987548,0.9852506518363953,0.000284723792233918,0.5821852563476934
baseline,31,800,1.075675598465873e-06,0.004102898761630058,2.7343393159758165,0.9853419065475464,0.00020622061659035184,0.6429622002029327
baseline,31,825,2.089049182126636e-06,0.008922393433749676,5.422799485948376,0.9853683710098267,0.0004482087150488443,1.047951602958514
baseline,31,850,1.077831886462049e-06,0.006555709056556225,3.2435034962485703,0.9854692220687866,0.00032886330217657156,0.8662281276738675
baseline,31,875,1.5960388835972448e-06,0.005587998777627945,3.783220804978725,0.9855110049247742,0.00028099598358576056,0.8013718850642506
baseline,31,900,1.3979369424808944e-06,0.006099193822592497,3.4857683816425835,0.9855523109436035,0.00030635762225133964,0.7865686885075611
baseline,31,925,2.6049494881545604e-06,0.007416506763547659,7.248847664758425,0.9855442047119141,0.0003734302993070697,1.2159453272092389
baseline,31,950,1.1515757213179474e-06,0.005674973130226135,2.763814700578703,0.9855983257293701,0.0002849002438741569,0.6516338819058629
baseline,31,975,1.3401340127122639e-06,0.007051277440041304,3.611929911207599,0.9855741262435913,0.00035390402347707574,0.7303810747364442
baseline,31,1000,1.2136045758835946e-06,0.004635173361748457,2.98676219547213,0.9855774641036987,0.00023297228139445558,0.7664200579470719
ode_regularized,7,1,0.006254211585479915,0.8702998161315918,17912.271234356267,0.9883099794387817,895.6633309224405,40.403139869342716
ode_regularized,7,25,0.0005258267762353437,0.5451266169548035,212.26409484047193,0.9808499217033386,10.640986899275044,13.443196622834185
ode_regularized,7,50,0.00022753127495433805,0.13248081505298615,32.62434638600636,0.952019214630127,1.6380688912347894,8.913383295034206
ode_regularized,7,75,0.00013592361362183347,0.04512155428528786,8.418727789750019,0.9553625583648682,0.4233283908153872,6.922104565229429
ode_regularized,7,100,9.841691226017705e-05,0.026570644229650497,3.7663544034324055,0.9680992364883423,0.18974466931864606,5.895911538300167
ode_regularized,7,125,7.600369781434079e-05,0.014944149181246758,2.2823924839783323,0.9797124862670898,0.1149428353907179,5.180064407359641
ode_regularized,7,150,6.0640018782188284e-05,0.009442341513931751,1.6005101937486503,0.9796193838119507,0.08055826677609053,4.623434388779556
ode_regularized,7,175,4.8962955899366934e-05,0.005687319207936525,1.1911954263641573,0.975085437297821,0.05989310023450406,4.149712880121344
ode_regularized,7,200,3.963071620087434e-05,0.0032946723513305187,0.9102972605993507,0.9710370302200317,0.04571922736373494,3.728009615935204
ode_regularized,7,225,3.215025492769286e-05,0.0029347522649914026,0.7085780103860783,0.9696696996688843,0.035607788387481173,3.352059599553695
ode_regularized,7,250,2.618469391241124e-05,0.0025947450194507837,0.5605477673252249,0.968585193157196,0.0281833103111462,3.019092983181196
ode_regularized,7,275,2.1445223696999074e-05,0.002358115976676345,0.4500735028136056,0.9675545692443848,0.02264302616612148,2.7258817054925863
ode_regularized,7,300,1.7686154055924342e-05,0.002368976827710867,0.3664078487203372,0.9666199684143066,0.01845652743291352,2.4688122256669462
ode_regularized,7,325,1.4706569959258334e-05,0.0020271942485123873,0.3022381110640492,0.9655331373214722,0.015227971837042529,2.2443283221697974
ode_regularized,7,350,1.2343899570669352e-05,0.0020630252547562122,0.2524790973659688,0.9646260738372803,0.012739450033517303,2.0490012931825716
ode_regularized,7,375,1.0467943127784996e-05,0.002107462612912059,0.21352854706000898,0.9636877775192261,0.01079226842822903,1.8795910221995014
ode_regularized,7,400,8.975055919657408e-06,0.002454187022522092,0.18278187501354992,0.9627956748008728,0.009270778166454408,1.7330569953203123
ode_regularized,7,425,7.783044230663372e-06,0.0024084325414150953,0.15831169253414618,0.961951732635498,0.008043789302374302,1.6065720710913263
ode_regularized,7,450,6.8272634877657144e-06,0.0022922169882804155,0.13868130418985755,0.9611586928367615,0.007055503320939472,1.497546601034696
ode_regularized,7,475,6.057068149707584e-06,0.002730350475758314,0.12280457487297124,0.9604641795158386,0.0062828033384965684,1.4036599427757683
ode_regularized,7,500,5.432886677069631e-06,0.0021245295647531748,0.10985662724085506,0.9597482681274414,0.005604490726957482,1.3228222074526723
ode_regularized,7,525,4.923946889519597e-06,0.002479726914316416,0.09920184209674816,0.9591588973999023,0.005089002400353132,1.2532004932668084
ode_regularized,7,550,4.5062544521123664e-06,0.0024060860741883516,0.09035909445771405,0.9586372375488281,0.004642765283957616,1.1932064858231364
ode_regularized,7,575,4.161147812245382e-06,0.002571081044152379,0.08295697707528028,0.9581407308578491,0.004280564050873495,1.1414506734769903
ode_regularized,7,600,3.87424528539993e-06,0.002538642380386591,0.07670641388276761,0.9575437307357788,0.003966127061353493,1.0967403950933936
ode_regularized,7,625,3.6337246284367353e-06,0.0031878578010946512,0.07138379869528612,0.9571160078048706,0.0037322165494474754,1.0580640165698039
ode_regularized,7,650,3.430893689993683e-06,0.0019699919503182173,0.06681246703683298,0.9567216634750366,0.0034425538459579366,1.0245038268939588
ode_regularized,7,675,3.258627408226392e-06,0.0018237100448459387,0.06286802933045728,0.9563807249069214,0.0032378455961733876,0.9952978371404895
ode_regularized,7,700,3.1104247083078573e-06,0.0022420422174036503,0.059910792013978906,0.9561263918876648,0.0031107521377326274,0.9705581713184418
ode_regularized,7,725,2.9836439123000485e-06,0.002196013228967786,0.05637399144246759,0.9558402299880981,0.002931483877484069,0.9477070151117184
ode_regularized,7,750,2.873139775129146e-06,0.002663001883774996,0.05375268388957274,0.9556431770324707,0.002823657431352899,0.9279622078560757
ode_regularized,7,775,2.7756535518197544e-06,0.0020679517183452845,0.05131188014689475,0.9554424285888672,0.002671767246813822,0.9106776154959092
ode_regularized,7,800,2.6897262800186537e-06,0.002590069780126214,0.04917798279510417,0.9552826285362244,0.002591092355041538,0.8952713696927892
ode_regularized,7,825,2.61324066479337e-06,0.0021258678752928972,0.047243802280583995,0.9551519751548767,0.0024710967499138297,0.8814769417454988
ode_regularized,7,850,2.544634213354043e-06,0.002017128514125943,0.045514773144140624,0.9550732970237732,0.0023791397200370653,0.8690191563845312
ode_regularized,7,875,2.485864708045939e-06,0.0020350399427115917,0.04890699824115961,0.9551085233688354,0.0025495877739016063,0.8577311179163569
ode_regularized,7,900,2.4265949403530692e-06,0.002532491460442543,0.04322150195154723,0.9550220966339111,0.002290126274270991,0.8474224521408319
ode_regularized,7,925,2.372918461969296e-06,0.0016983922105282545,0.04115977378703327,0.9549483060836792,0.00214528122270562,0.838307144394027
ode_regularized,7,950,2.325020805268437e-06,0.002286428352817893,0.03985436609041337,0.9549821615219116,0.002109364742966832,0.8295708174105002
ode_regularized,7,975,2.280298053194445e-06,0.0030231554992496967,0.03869917846799825,0.9549226760864258,0.002088396993505209,0.8215824964105961
ode_regularized,7,1000,2.2385247489592807e-06,0.0024486668407917023,0.03760671671160076,0.9549449682235718,0.0020050076994581997,0.8140942488526515
ode_regularized,19,1,0.005304435566094716,0.8178296685218811,13400.359715432236,0.9887471199035645,670.0641816906041,37.21270284850849
ode_regularized,19,25,0.0004275718139794162,0.5434898734092712,176.0059134807568,0.9829890131950378,8.827897739149753,12.14035345767291
ode_regularized,19,50,0.00025191920760355585,0.19567090272903442,20.9823980224199,0.9599241614341736,1.0591553658375794,9.473463899680238
ode_regularized,19,75,0.00020448486027783449,0.05140151083469391,5.969993936743518,0.9571819305419922,0.30127425737888686,8.556455088088239
ode_regularized,19,100,0.0001718224485926719,0.02791549079120159,3.219524822486761,0.9652708768844604,0.16254383811249082,7.848958170540451
ode_regularized,19,125,0.00014747827770250372,0.017854586243629456,2.1132084640642024,0.9757652282714844,0.10670063080473563,7.274498009836487
ode_regularized,19,150,0.00012823868464583398,0.011242175474762917,1.496803745456652,0.9835931658744812,0.07553053471957505,6.785917029142833
ode_regularized,19,175,0.00011263087749690806,0.01012955792248249,1.1153901119784304,0.9842747449874878,0.056388614372542556,6.362047296060743
ode_regularized,19,200,9.96175815443611e-05,0.009227645583450794,0.8647308725259735,0.983060359954834,0.04379754350447787,5.985506009941603
ode_regularized,19,225,8.852351054471336e-05,0.007542409934103489,0.6903403566386206,0.9822232127189636,0.034982661850822445,5.6445254254021435
ode_regularized,19,250,7.889040875907012e-05,0.006279926281422377,0.56266666551887,0.9803974032402039,0.028526219992952923,5.330666578630582
ode_regularized,19,275,7.042630536657649e-05,0.004144603852182627,0.4654146030585266,0.9780977964401245,0.02354838665963319,5.038741734370884
ode_regularized,19,300,6.293959845279089e-05,0.003674872685223818,0.3892291558622952,0.9760772585868835,0.01970814103455989,4.765568438750606
ode_regularized,19,325,5.629484609640687e-05,0.003877857467159629,0.3283857420512292,0.9738621711730957,0.01666947482492623,4.509291133925602
ode_regularized,19,350,5.039222265602204e-05,0.004155627451837063,0.27914329722641534,0.973258376121521,0.01421533845365826,4.268655952362527
ode_regularized,19,375,4.514693062793328e-05,0.004124254919588566,0.23889466498962947,0.9726409316062927,0.012196092926088836,4.042714833692602
ode_regularized,19,400,4.0488297218547445e-05,0.0020066776778548956,0.20575487979788062,0.9719229936599731,0.010428566171005323,3.8309044041803015
ode_regularized,19,425,3.6351493301906246e-05,0.0026522288098931313,0.17830953209198735,0.9713010787963867,0.009084439541306314,3.632397094367297
ode_regularized,19,450,3.2681227685150066e-05,0.00219507934525609,0.155467921442969,0.9706746935844421,0.00791583127146198,3.4465243055908203
ode_regularized,19,475,2.9423537320282028e-05,0.0030026515014469624,0.1363849450125223,0.9702773094177246,0.006998803363018745,3.272621710948946
ode_regularized,19,500,2.6531121308049635e-05,0.0027867495082318783,0.12038619992115887,0.9698159694671631,0.006185178601508736,3.110034672250653
ode_regularized,19,525,2.3962466868579436e-05,0.0027772258035838604,0.10693276875154671,0.9693309664726257,0.005509462191714725,2.9579413191073236
ode_regularized,19,550,2.1677391307090588e-05,0.0026712340768426657,0.0955852980964167,0.9689377546310425,0.0049345040087012074,2.8156575549737135
ode_regularized,19,575,1.9643180967201885e-05,0.0025371680967509747,0.08598782069306231,0.9685502052307129,0.0044458926175474835,2.682457577132519
ode_regularized,19,600,1.7828691896112753e-05,0.0021808247547596693,0.07784914136953305,0.9682850241661072,0.0040193270010211325,2.5576358208360044
ode_regularized,19,625,1.6207149488235896e-05,0.0023630375508219004,0.07092080086215234,0.9679834246635437,0.0036803990745025226,2.4404997918965936
ode_regularized,19,650,1.475521197929877e-05,0.0017615003744140267,0.06500351890386144,0.9677680730819702,0.003353006180258647,2.3304076323043423
ode_regularized,19,675,1.3451486542924114e-05,0.002602908294647932,0.05992803381501713,0.9674710035324097,0.0031399985949365607,2.2268137087688182
ode_regularized,19,700,1.22786131227332e-05,0.0020792533177882433,0.05555285378692565,0.9673668146133423,0.002893883968358428,2.129100630838659
ode_regularized,19,725,1.1220740126428768e-05,0.0020912024192512035,0.0517628855588495,0.9672079086303711,0.002703925141941847,2.0368225871371064
ode_regularized,19,750,1.0265097608374267e-05,0.0025907394010573626,0.04846365571113339,0.9670674204826355,0.002562984856128295,1.949474762669639
ode_regularized,19,775,9.40065942014666e-06,0.002369032008573413,0.045569884995571214,0.9669050574302673,0.0024063465096273782,1.8666613363211484
ode_regularized,19,800,8.615085500737393e-06,0.0022348605562001467,0.04301509371713818,0.9668375849723816,0.0022711128006228454,1.7881891635205465
ode_regularized,19,825,7.902356839616363e-06,0.002126285107806325,0.04075217545991688,0.9667835235595703,0.002151825385225776,1.7134828926984043
ode_regularized,19,850,7.254987942027086e-06,0.002271054545417428,0.038724649009803984,0.966694712638855,0.002057040165703098,1.6425366899857623
ode_regularized,19,875,6.665068021513366e-06,0.0018907819176092744,0.03690423211946621,0.9666575193405151,0.0019464157742408623,1.5750147524004228
ode_regularized,19,900,6.12883533534138e-06,0.002500769216567278,0.03526128628748309,0.9666396379470825,0.001894231616358626,1.5107392312862968
ode_regularized,19,925,5.639643259236159e-06,0.002699207980185747,0.0337650946079673,0.9666653871536255,0.0018288547726668886,1.4496617731959902
ode_regularized,19,950,5.194833882185673e-06,0.002499892609193921,0.032406205626537433,0.9666013717651367,0.0017504997514895195,1.3916001783039091
ode_regularized,19,975,4.790737207710692e-06,0.002506897784769535,0.0311509432324784,0.9665828943252563,0.0016876827851597246,1.33634367395618
ode_regularized,19,1000,4.422645182308004e-06,0.002499706344678998,0.029993220041223234,0.9666024446487427,0.0016290689702981858,1.283923342601605
ode_regularized,31,1,0.005759622117798219,0.8453524708747864,17281.791761228975,0.9882544279098511,864.1376153078554,38.4681033131485
ode_regularized,31,25,0.0005308413480634792,0.5229766368865967,205.51567978123174,0.9750819206237793,10.30246366188145,13.596471893795318
ode_regularized,31,50,0.00033992592207147417,0.11235547065734863,29.27155548614529,0.9466171264648438,1.4695354738553357,11.03382762504531
ode_regularized,31,75,0.00028176843797602275,0.047357864677906036,7.92545124422682,0.9493236541748047,0.3989222238832123,10.069890876184163
ode_regularized,31,100,0.0002490132623885285,0.033099640160799026,4.021216634528623,0.9587825536727905,0.2029648269735766,9.477139230369621
ode_regularized,31,125,0.00022303571375872393,0.02378569170832634,2.6600570071726435,0.9693416953086853,0.1344151706810903,8.973804055701686
ode_regularized,31,150,0.00020130110448169776,0.015019431710243225,1.9191407813390853,0.9785918593406677,0.0969093117802312,8.529252391295032
ode_regularized,31,175,0.00018356237968952048,0.009241768158972263,1.4486790629245316,0.9842003583908081,0.07307960393968548,8.147536432897171
ode_regularized,31,200,0.00016873239602713643,0.006390255875885487,1.1361759381082785,0.9855941534042358,0.05729704209523535,7.813460305606462
ode_regularized,31,225,0.0001560326039238146,0.0049323877319693565,0.9210688797268594,0.9845463633537292,0.046456095988506786,7.5151127521504435
ode_regularized,31,250,0.00014491817343848613,0.0047512901946902275,0.7667458487004782,0.9828676581382751,0.038719775121107296,7.243601049879554
ode_regularized,31,275,0.00013504039569285238,0.004538153763860464,0.6511316073085548,0.9820255041122437,0.03291852845513438,6.993224867349543
ode_regularized,31,300,0.0001261696118868028,0.0034195161424577236,0.5611499832031612,0.9811760783195496,0.028354644579167754,6.760319691147176
ode_regularized,31,325,0.00011814435004741664,0.003173848846927285,0.4890642797691632,0.9801955223083496,0.02473005078667271,6.5423704597452765
ode_regularized,31,350,0.0001108424776758045,0.0031838773284107447,0.43016558037464203,0.9794636964797974,0.021778315359918064,6.337479633422132
ode_regularized,31,375,0.0001041651938635477,0.0028811220545321703,0.38142115072887867,0.9791501760482788,0.01931927883303409,6.144077336867404
ode_regularized,31,400,9.802776684531383e-05,0.0021873395889997482,0.3407238217128218,0.978739857673645,0.0172435858304812,5.960725628772538
ode_regularized,31,425,9.235788285760901e-05,0.0024874971713870764,0.3065095080549026,0.978171706199646,0.015542208141261712,5.786126919203833
ode_regularized,31,450,8.709333374295791e-05,0.0023299716413021088,0.2775630293088669,0.9778043627738953,0.014081743379796218,5.619101496079293
ode_regularized,31,475,8.21818655468629e-05,0.002123083220794797,0.2529125230882152,0.9774038195610046,0.012833962182452556,5.458624319083424
ode_regularized,31,500,7.757946488015302e-05,0.0021369813475757837,0.23177489313021332,0.9771360158920288,0.011773173188769609,5.303775553510281
ode_regularized,31,525,7.325024762909048e-05,0.001873653382062912,0.21351754876802082,0.9767826795578003,0.010842810355133278,5.153821245794913
ode_regularized,31,550,6.916397449615414e-05,0.001995354425162077,0.197630925208697,0.9764325618743896,0.010050477954733917,5.008115841927693
ode_regularized,31,575,6.529681886103666e-05,0.0017221771413460374,0.18370419949388767,0.9761819839477539,0.009336615649167532,4.866151479250253
ode_regularized,31,600,6.162908940057599e-05,0.0019442199263721704,0.17140776254634027,0.9759353399276733,0.008729228215946582,4.727537318375073
ode_regularized,31,625,5.8144050020022776e-05,0.0016459464095532894,0.16047498400042884,0.9756686091423035,0.008164190573429512,4.591907733635794
ode_regularized,31,650,5.4828716611450014e-05,0.002398031996563077,0.15069226790009255,0.9754576086997986,0.007709343715809806,4.459014068346997
ode_regularized,31,675,5.1671829184821364e-05,0.0015378812095150352,0.14188535351422982,0.9753046035766602,0.007222833563916873,4.328641298134709
ode_regularized,31,700,4.866393923396172e-05,0.0019330320646986365,0.13391229283174622,0.9751593470573425,0.006840930182601013,4.200631680134933
ode_regularized,31,725,4.579751814858976e-05,0.0021944704931229353,0.12665885581267985,0.975043773651123,0.006488463837804305,4.0748578249074425
ode_regularized,31,750,4.3064297714803303e-05,0.0020899209193885326,0.12002371670096561,0.9749350547790527,0.006148746177277319,3.9512336260055214
ode_regularized,31,775,4.045972676222043e-05,0.0018553438130766153,0.11393151327562095,0.9748445749282837,0.005829802584107482,3.8296391843804973
ode_regularized,31,800,3.797773492107623e-05,0.001955336192622781,0.10831509132639748,0.9747650623321533,0.00555149911087209,3.7100663402979737
ode_regularized,31,825,3.561376150253095e-05,0.002207328099757433,0.10311860971134869,0.9747211337089539,0.0053019106506026455,3.592466013925911
ode_regularized,31,850,3.336329655872466e-05,0.002343931468203664,0.09829460269090425,0.97467041015625,0.005065290008879695,3.476803755290026
ode_regularized,31,875,3.122267305305684e-05,0.0024652709253132343,0.0938074560877513,0.974642276763916,0.004844859032437433,3.3630315159297806
ode_regularized,31,900,2.91872109494213e-05,0.0020044271368533373,0.08961292402416471,0.9745703935623169,0.004610054773365898,3.251234814726947
ode_regularized,31,925,2.725519672995064e-05,0.0023327230010181665,0.08569447460532248,0.97455233335495,0.004428615081412558,3.1413881959910377
ode_regularized,31,950,2.5421544233540757e-05,0.002487153047695756,0.08202238089674761,0.9745815992355347,0.004250898244366092,3.033426368190902
ode_regularized,31,975,2.3683314935744885e-05,0.0017057331278920174,0.0785676981697577,0.974557101726532,0.004037354881273422,2.9274684826135338
ode_regularized,31,1000,2.2038272008775663e-05,0.001561477081850171,0.07532337167002941,0.9745621681213379,0.003866280711057946,2.8235200493967816
latent_variance_regularized,7,1,0.006254211585479915,0.8702998161315918,17912.271234356267,0.9883099794387817,0.05965230386282796,39.224993222498796
latent_variance_regularized,7,25,0.0005246955146386982,0.1691097617149353,1399.7010895104863,0.9654280543327332,0.018634464143712795,12.671087817602107
latent_variance_regularized,7,50,4.955876681310111e-05,0.04292510822415352,131.1872611424969,0.967467188835144,0.011870486261949958,4.064064582318645
latent_variance_regularized,7,75,1.065600873992998e-05,0.022633275017142296,29.44242000118527,0.9777921438217163,0.010920241058115822,1.886723317510145
latent_variance_regularized,7,100,5.392671188287042e-06,0.0157922375947237,13.537021939052126,0.9854928851127625,0.010649933152923308,1.2116988925414265
latent_variance_regularized,7,125,2.2443776360558612e-06,0.011791994795203209,5.718431025157752,0.9855367541313171,0.01044721139561076,0.8059693673303482
latent_variance_regularized,7,150,1.3443285924648415e-06,0.016078006476163864,3.108171156395558,0.9832574129104614,0.010637818741924062,0.6861988736114377
latent_variance_regularized,7,175,1.5874449968886703e-06,0.012305195443332195,3.7084445389897436,0.9811670780181885,0.01042851777149966,0.7143182791433967
latent_variance_regularized,7,200,1.7708816299045344e-06,0.012724965810775757,4.164569991663824,0.9794597625732422,0.010432616721067002,0.8101772293082223
latent_variance_regularized,7,225,7.897721608390359e-07,0.009333774447441101,1.908294745675841,0.9785448312759399,0.010252926712995884,0.5957589437256794
latent_variance_regularized,7,250,1.0915127134668267e-06,0.010035552084445953,2.6271512133847525,0.9786693453788757,0.01028956251950178,0.56885246188808
latent_variance_regularized,7,275,1.211465975348079e-06,0.006361003965139389,2.8731256448173803,0.9791092872619629,0.010110354622999284,0.5728447458596404
latent_variance_regularized,7,300,5.655287188072081e-07,0.006050796248018742,1.1857744810681075,0.9793719053268433,0.010096824623726361,0.4257800597567861
latent_variance_regularized,7,325,4.630184885149642e-07,0.005168684292584658,0.9675883804578929,0.9796401262283325,0.010055298718918491,0.4514213876681059
latent_variance_regularized,7,350,4.59518526038193e-07,0.007368554826825857,0.9378541157113529,0.9798521995544434,0.010167409372991239,0.43210172110708095
latent_variance_regularized,7,375,6.759672565569944e-07,0.0044069974683225155,1.6304093616230388,0.9803287386894226,0.010024312594267558,0.5002700534234864
latent_variance_regularized,7,400,5.701782797807943e-07,0.006469069980084896,1.1864720025964084,0.980586051940918,0.010129883686794097,0.4237999288764239
latent_variance_regularized,7,425,5.105228618217102e-07,0.006498369388282299,1.2384467385603324,0.9804899096488953,0.010130327876889004,0.433005108450531
latent_variance_regularized,7,450,5.028230541552785e-07,0.004264642018824816,1.1408948902141045,0.9806514978408813,0.010020249650365038,0.42996380672650275
latent_variance_regularized,7,475,8.182120649660097e-07,0.0048089162446558475,1.9539113906220213,0.9808669090270996,0.010049932899782486,0.4596658487512068
latent_variance_regularized,7,500,9.250384512712158e-07,0.007273608818650246,2.360576488993758,0.9809145331382751,0.010173750257793756,0.5655142477007618
latent_variance_regularized,7,525,6.921168815265245e-07,0.00547364866361022,1.5132126469718197,0.9807143211364746,0.010081517916259162,0.44962311592786647
latent_variance_regularized,7,550,8.443844579766327e-07,0.005632719490677118,2.1476179596268157,0.9810208678245544,0.01009268871942355,0.5257314533370163
latent_variance_regularized,7,575,6.133404542360289e-07,0.006253243889659643,1.4003835939545535,0.9807935953140259,0.010121211445003808,0.4863704708107797
latent_variance_regularized,7,600,6.067388496725868e-07,0.004537141416221857,1.427317540636662,0.9808973670005798,0.01003643721598586,0.4782133334841665
latent_variance_regularized,7,625,1.2705098137705936e-06,0.006859582383185625,3.0752320398904183,0.9805640578269958,0.010149889840534746,0.5363174841278404
latent_variance_regularized,7,650,9.049793737112118e-07,0.006856268737465143,2.1331197017925474,0.9806410670280457,0.010150128825757105,0.45652882264565847
latent_variance_regularized,7,675,9.438741618159352e-07,0.005801567807793617,2.2274670628884885,0.9805764555931091,0.010096786347836381,0.5230662543908697
latent_variance_regularized,7,700,5.518616958706884e-07,0.005368191748857498,1.1094922064337096,0.9805280566215515,0.010074242158545106,0.48465555140215966
latent_variance_regularized,7,725,3.784303226479147e-07,0.004688235465437174,0.7883295788339179,0.9805030226707458,0.010039820401780211,0.3722644428023732
latent_variance_regularized,7,750,5.584584429224965e-07,0.005101141519844532,1.2513960633068006,0.98050856590271,0.010060700689383905,0.44203529364225397
latent_variance_regularized,7,775,4.381046387935147e-07,0.004834914579987526,0.9228016418645794,0.9803911447525024,0.010046095504680613,0.4455945503724118
latent_variance_regularized,7,800,6.686797945869824e-07,0.007048128638416529,1.604642637558108,0.9803058505058289,0.010156133697100275,0.48031523935397336
latent_variance_regularized,7,825,4.1327406253220415e-07,0.003821744816377759,0.9505942727536641,0.9804586172103882,0.009996086460557501,0.3950959840417618
latent_variance_regularized,7,850,5.972690157538574e-07,0.006064997520297766,1.2553738589966597,0.9804784655570984,0.010108631482787797,0.3737940589845089
latent_variance_regularized,7,875,4.420918491039358e-07,0.004094820935279131,0.8907721336715865,0.9802976846694946,0.010008159767611356,0.39060343590193325
latent_variance_regularized,7,900,8.442686155298125e-07,0.006418583448976278,1.9871425425504217,0.9804419875144958,0.010126192700372249,0.5458919193315109
latent_variance_regularized,7,925,4.630742050693615e-07,0.006338340695947409,0.9703885768666234,0.9801908731460571,0.010119288522649183,0.4810258465563923
latent_variance_regularized,7,950,5.959224263142462e-07,0.004094946663826704,1.3069460110395617,0.9801721572875977,0.010007064461785363,0.4468270029296115
latent_variance_regularized,7,975,5.918255184229439e-07,0.004846089985221624,1.3853997785390533,0.9806480407714844,0.010049376592213884,0.4531444900485595
latent_variance_regularized,7,1000,4.464983897310214e-07,0.003502009203657508,0.96008467882752,0.9803444147109985,0.009978991105682592,0.42864761359148423
latent_variance_regularized,19,1,0.005304435566094716,0.8178296685218811,13400.359715432236,0.9887471199035645,0.05608338985594829,35.82858334559756
latent_variance_regularized,19,25,0.00025144967655901985,0.2632211148738861,715.7159085830789,0.9669289588928223,0.0230817944131351,9.48785702426184
latent_variance_regularized,19,50,4.2888211001943e-05,0.043758977204561234,125.9703620025911,0.9614076018333435,0.01184491265184183,3.809014879333143
latent_variance_regularized,19,75,8.53161742628359e-06,0.021773958578705788,21.905204431795234,0.9764100909233093,0.010861329971306927,1.6074391149555314
latent_variance_regularized,19,100,3.3715159293811364e-06,0.015887724235653877,8.861137846677265,0.9852559566497803,0.010650317021798025,1.3709292390162253
latent_variance_regularized,19,125,1.6179408022021696e-06,0.017774874344468117,4.2629367219421495,0.9842551946640015,0.010732912983007804,0.6706166288393348
latent_variance_regularized,19,150,7.292862624148445e-07,0.014245963655412197,1.7038845361879287,0.9832512736320496,0.010545540079624972,0.5944560503607683
latent_variance_regularized,19,175,7.563190826163594e-07,0.01249405276030302,1.832575615215367,0.9815837740898132,0.010441296236991224,0.5404474120635995
latent_variance_regularized,19,200,2.1540934520949154e-06,0.012773798778653145,5.495871545561706,0.979008674621582,0.010430930243090091,0.9585005047459597
latent_variance_regularized,19,225,4.39212155980556e-06,0.012068129144608974,10.363857886184054,0.9767059087753296,0.010374857815555163,0.7378583984695942
latent_variance_regularized,19,250,2.7621528592648716e-06,0.016598500311374664,7.898519017128587,0.9750919342041016,0.010583606573333288,1.0671878434243462
latent_variance_regularized,19,275,1.8631385228819635e-06,0.007128775119781494,4.7741226190498915,0.9753238558769226,0.010111540321731869,0.9157470925814027
latent_variance_regularized,19,300,1.8426383187315066e-06,0.008675578981637955,5.00505225943885,0.9755059480667114,0.01019068072697085,0.8363981260476224
latent_variance_regularized,19,325,2.477003828952887e-06,0.01186415646225214,6.8279307034085654,0.9750558733940125,0.010346242901970963,1.1455475389178706
latent_variance_regularized,19,350,2.2260346911777906e-06,0.010499253869056702,6.492756282300048,0.9759981036186218,0.01028716994826644,0.8628290948172426
latent_variance_regularized,19,375,1.5604376885932945e-06,0.007239401340484619,3.894347742712906,0.9759394526481628,0.010122924962509413,0.7654867259894576
latent_variance_regularized,19,400,1.4439414042714469e-06,0.008172123692929745,4.082396687474576,0.9762905836105347,0.010172955675774413,0.9241741187132253
latent_variance_regularized,19,425,1.703020075438743e-06,0.006225696299225092,4.302556147947182,0.9763228893280029,0.010076216547872973,0.6921595325970763
latent_variance_regularized,19,450,2.880903213998776e-06,0.011014950461685658,8.54497918912638,0.9757851362228394,0.010311479711692563,0.7033257993107249
latent_variance_regularized,19,475,1.2405895370185791e-06,0.0062069338746368885,3.0128257956080233,0.9764173030853271,0.010075760345554272,1.0513621063362564
latent_variance_regularized,19,500,1.5550081890536327e-06,0.005691373720765114,4.063321048937954,0.9769096374511719,0.010055219745104434,0.5738447750834497
latent_variance_regularized,19,525,9.00948241382222e-07,0.006909932475537062,2.2374198775547978,0.977189302444458,0.01011829038458693,0.48955291790415767
latent_variance_regularized,19,550,1.8384929394042424e-06,0.0066862828098237514,4.838253045439061,0.9770104289054871,0.010106256381154217,0.7128558590803546
latent_variance_regularized,19,575,1.5621892640636785e-06,0.0051879677921533585,3.9998677405602905,0.9772461652755737,0.010033422423712749,0.827468117081262
latent_variance_regularized,19,600,2.2882297267536497e-06,0.0137161361053586,5.429370345872217,0.9772560596466064,0.010460655582566312,0.8163609338920144
latent_variance_regularized,19,625,1.7734488566048955e-06,0.007129445672035217,4.45031703924694,0.9774643182754517,0.010132888746410666,0.7490479827829805
latent_variance_regularized,19,650,1.0516880238744975e-06,0.007333323359489441,2.8019939710318025,0.9776653051376343,0.0101443706582459,0.6374393101451792
latent_variance_regularized,19,675,1.195666803521272e-06,0.005675286985933781,3.3622256570667837,0.9773825407028198,0.010058785317190466,0.5965515225962341
latent_variance_regularized,19,700,1.5406107365498136e-06,0.006186063401401043,3.776244652591621,0.9770430326461792,0.010081273473969043,0.7765936603264054
latent_variance_regularized,19,725,1.7461869371148476e-06,0.005738966166973114,4.522237536949496,0.9777927398681641,0.010066621340994633,0.9378604725354052
latent_variance_regularized,19,750,3.0010770502396967e-06,0.007114425301551819,7.1108750483665855,0.9771299362182617,0.010130021902216495,1.0113511294422017
latent_variance_regularized,19,775,1.4771396305199463e-06,0.00865261908620596,3.515853319395632,0.977700412273407,0.010211112010619769,0.6587612687943902
latent_variance_regularized,19,800,1.064878353565846e-06,0.004362298641353846,2.6165142869484326,0.9780499339103699,0.009999678963260442,0.5640740030951387
latent_variance_regularized,19,825,1.7957349040752023e-06,0.004793769679963589,4.896325270878431,0.9780806303024292,0.010022290705280679,0.560300440441128
latent_variance_regularized,19,850,1.2302345428464007e-06,0.006363674998283386,3.39967720378855,0.978081226348877,0.010100226079143569,0.5448505646827169
latent_variance_regularized,19,875,1.1333155510545737e-06,0.006226027850061655,3.049957318656947,0.9781830310821533,0.010094264738314745,0.6847893866965612
latent_variance_regularized,19,900,1.0134704625816079e-06,0.006174695212393999,2.3005398791435336,0.977757453918457,0.01008732211135613,0.6007713816002811
latent_variance_regularized,19,925,1.0418845510684552e-06,0.006525248289108276,2.5560785304415505,0.9781343936920166,0.010108648155600076,0.6065768561035875
latent_variance_regularized,19,950,1.1589602959602426e-06,0.005629615858197212,3.1794548228836477,0.9778188467025757,0.010060828312199682,0.6360226111917282
latent_variance_regularized,19,975,6.08283495992944e-07,0.006890781689435244,1.4726897155173055,0.9776788949966431,0.010121936137490437,0.6354928536354707
latent_variance_regularized,19,1000,1.1155215433185325e-06,0.00917878095060587,2.915146536343268,0.9779659509658813,0.010239713680592025,0.4995079054676632
latent_variance_regularized,31,1,0.005759622117798219,0.8453524708747864,17281.791761228975,0.9882544279098511,0.0579097905739354,37.15659867880838
latent_variance_regularized,31,25,0.0006225369695656951,0.17273052036762238,1627.6655462671622,0.9679813385009766,0.01893887573965723,14.426056379132218
latent_variance_regularized,31,50,6.073787120920417e-05,0.03129076957702637,172.6506982719762,0.9698258638381958,0.011323535039665222,4.378672955452397
latent_variance_regularized,31,75,1.2473399401753938e-05,0.015968209132552147,36.0466841693418,0.9798541069030762,0.010609424578142464,1.929208733972238
latent_variance_regularized,31,100,5.707231078959698e-06,0.01412227749824524,14.7223079301186,0.9852843284606934,0.010564664465103962,1.1938200140136048
latent_variance_regularized,31,125,4.418154584263448e-06,0.01659148372709751,12.358704756425041,0.9861310720443726,0.010695303284900282,1.1962803430171092
latent_variance_regularized,31,150,1.4514648551273845e-06,0.008661199361085892,3.8825088114013027,0.9862802028656006,0.01029731341849176,0.6721469437694407
latent_variance_regularized,31,175,8.082034696772068e-07,0.009095274843275547,1.8884326877988733,0.9856216907501221,0.010311788549290685,0.5102248366306695
latent_variance_regularized,31,200,1.8814095697622945e-06,0.009541935287415981,5.146845239882455,0.9839380979537964,0.010318359265237234,0.8739534984503675
latent_variance_regularized,31,225,1.7270920297031214e-06,0.008130141533911228,5.065780218812439,0.9823600649833679,0.010231834936138419,1.030314204881264
latent_variance_regularized,31,250,2.000041531434497e-06,0.011412468738853931,5.243893026366944,0.9813822507858276,0.010386445353033057,0.7486668500745066
latent_variance_regularized,31,275,1.7587783583143545e-06,0.007159295026212931,4.580875058116824,0.9805665016174316,0.010165387943976064,0.726872041249695
latent_variance_regularized,31,300,8.674298565827052e-07,0.007368074730038643,2.0724568067294973,0.9804254770278931,0.010173525564108415,0.5610545781789692
latent_variance_regularized,31,325,1.1601747497475529e-06,0.006048216018825769,2.5003526551738533,0.980244517326355,0.010106015813678459,0.637071814894268
latent_variance_regularized,31,350,1.764695598825658e-06,0.006429573055356741,4.738447743845127,0.9805223345756531,0.010128466339056463,0.6634853351861325
latent_variance_regularized,31,375,1.4225195973980983e-06,0.0051848688162863255,3.82488713919864,0.9807778596878052,0.010068444488604725,0.5981432369286611
latent_variance_regularized,31,400,1.6493177010397781e-06,0.006812063977122307,4.787023171308209,0.9810387492179871,0.010152639679281665,1.0292276701565504
latent_variance_regularized,31,425,1.8972503534384154e-06,0.010806981474161148,5.082544256868727,0.9807188510894775,0.010349434422846032,0.6330004151361538
latent_variance_regularized,31,450,6.465634116624086e-07,0.004779107868671417,1.5601732817919882,0.9811962842941284,0.010051564917365993,0.5355609576377045
latent_variance_regularized,31,475,8.571164622959041e-07,0.0048704626969993114,2.174991523731376,0.9815823435783386,0.010060203546815185,0.6201412652774094
latent_variance_regularized,31,500,8.205236362107469e-07,0.004848978016525507,2.0424068325147946,0.9815996885299683,0.010059265943053905,0.5739238179584971
latent_variance_regularized,31,525,2.511263631675345e-06,0.007880598306655884,7.276168847887893,0.9816793203353882,0.010213333978357185,0.9758178445828571
latent_variance_regularized,31,550,1.8052088966742244e-06,0.006713024340569973,4.079071714962166,0.9818065166473389,0.010155521406134047,0.7096179457117121
latent_variance_regularized,31,575,2.4159128478951005e-06,0.006601178552955389,5.776126548649135,0.9819185733795166,0.010151660219224099,0.7898723158003264
latent_variance_regularized,31,600,4.2975668337678265e-06,0.00996098667383194,11.265035183450873,0.9820494055747986,0.010322840804933432,1.0321986826665066
latent_variance_regularized,31,625,2.5160891016568225e-06,0.007564528379589319,6.340707552726515,0.9822109937667847,0.010202852228052318,0.822286831399528
latent_variance_regularized,31,650,3.6382277863174755e-06,0.009024115279316902,10.586377521786785,0.9820749163627625,0.010275593043621079,1.1824581439476347
latent_variance_regularized,31,675,1.7333142195077238e-06,0.005645331926643848,4.980703964861973,0.9824063777923584,0.010108063556925971,0.7266051671389969
latent_variance_regularized,31,700,6.286390477688756e-07,0.003842690261080861,1.4800690672899521,0.9830796122550964,0.010023559308995296,0.46811053697602156
latent_variance_regularized,31,725,1.5823252502547185e-06,0.005707127507776022,4.430196521248394,0.9832784533500671,0.010119723251602026,0.8930645460081497
latent_variance_regularized,31,750,1.3777555639123659e-06,0.006282757967710495,3.8968632817908917,0.9832534790039062,0.010148050593000111,0.834604026621471
latent_variance_regularized,31,775,2.7254101437487117e-06,0.008036849088966846,7.592117848522873,0.9833616018295288,0.010238184080793427,0.7643616242558924
latent_variance_regularized,31,800,1.0876794972240076e-06,0.004899286665022373,2.689800103085278,0.9834359884262085,0.010080411430184988,0.6841959478426056
latent_variance_regularized,31,825,2.815332501035988e-06,0.004913840442895889,7.09352980950263,0.983635425567627,0.010084861659216536,0.8215928516104886
latent_variance_regularized,31,850,1.2670649595050702e-06,0.006051195319741964,3.2458856625763217,0.9835143089294434,0.0101389694906685,0.7197684233871399
latent_variance_regularized,31,875,9.20224841207148e-07,0.004373601172119379,2.343884032162433,0.9836230278015137,0.010055830707563542,0.568232167549567
latent_variance_regularized,31,900,1.546487626170879e-06,0.006688316352665424,3.911112206624409,0.9836549162864685,0.010172511244606709,0.7506614654410657
latent_variance_regularized,31,925,1.0938021140320103e-06,0.005767999216914177,3.1194103206705606,0.9836606383323669,0.010126099507163294,0.6532263869744587
latent_variance_regularized,31,950,1.1944692305019546e-06,0.005217758473008871,2.5633321719171245,0.9837816953659058,0.01009989886807303,0.6271113676544653
latent_variance_regularized,31,975,1.5790992069545574e-06,0.006049799732863903,4.158358268305351,0.9838387370109558,0.010142456461780474,0.7732918409569521
latent_variance_regularized,31,1000,1.0040170445161948e-06,0.0056273858062922955,1.9968068040628666,0.9838014841079712,0.010120388142618076,0.5628224506995262
combined_regularization,7,1,0.006254211585479915,0.8702998161315918,17912.271234356267,0.9883099794387817,895.6732140216761,40.403139897059454
combined_regularization,7,25,0.0005258267517044574,0.5450018048286438,212.26409322064677,0.9806134104728699,10.650786712204711,13.443196131707852
combined_regularization,7,50,0.00022753086193353896,0.12968780100345612,32.624292770542695,0.9496102333068848,1.6474226617350571,8.913374547369983
combined_regularization,7,75,0.0001359235677284502,0.04914376884698868,8.418708583815164,0.9499235153198242,0.43302777627952854,6.9221032283462
combined_regularization,7,100,9.841681181335008e-05,0.03352181613445282,3.7663190246244223,0.958817720413208,0.19967863623549711,5.895910121180651
combined_regularization,7,125,7.600382420437108e-05,0.022669076919555664,2.2823776297918736,0.9697880744934082,0.1250262198255475,5.180068951192546
combined_regularization,7,150,6.064031274277402e-05,0.01538418885320425,1.6005227660336387,0.9770565032958984,0.09062655281530375,4.623445833790963
combined_regularization,7,175,4.896336518586256e-05,0.011479788459837437,1.1912360335438423,0.9776114821434021,0.0699608689398862,4.149730693676182
combined_regularization,7,200,3.963119453498365e-05,0.007253824733197689,0.91036390628727,0.9748516082763672,0.05566903341854011,3.728032430253418
combined_regularization,7,225,3.215075219023554e-05,0.0042190165258944035,0.7086637639879625,0.9701080322265625,0.045377369475580506,3.3520852885371046
combined_regularization,7,250,2.6185055641577054e-05,0.0027255367022007704,0.5606377027450706,0.9677306413650513,0.037871652848519594,3.0191127677337546
combined_regularization,7,275,2.1445479667690515e-05,0.0026824127417057753,0.45015158955621626,0.9668083190917969,0.032331228524711444,2.72589828712551
combined_regularization,7,300,1.768633162851963e-05,0.0024901602882891893,0.3664699635489217,0.9658174514770508,0.028123867118586145,2.468823399338861
combined_regularization,7,325,1.4706624372277687e-05,0.002351777395233512,0.30228362425904354,0.9648599624633789,0.02489507636751763,2.244331260441332
combined_regularization,7,350,1.2343927514484681e-05,0.0024549891240894794,0.2525146707258969,0.9638772010803223,0.022399598343501727,2.0490033127096345
combined_regularization,7,375,1.046793897987764e-05,0.0022673632483929396,0.2135571262998596,0.9629887342453003,0.020431579948020407,1.8795903894572707
combined_regularization,7,400,8.97501479041151e-06,0.0022977362386882305,0.18280219137420603,0.9621526598930359,0.018885497508622555,1.73305173692093
combined_regularization,7,425,7.78297387995618e-06,0.002338771941140294,0.1583254543042367,0.9613496661186218,0.017654490541918665,1.6065659602140934
combined_regularization,7,450,6.827183189397015e-06,0.002368797780945897,0.1386902126511882,0.9605676531791687,0.016665453644906916,1.4975422030785304
combined_regularization,7,475,6.056948296023278e-06,0.0019339397549629211,0.12280599051370152,0.9598220586776733,0.01584127416171988,1.4036481464098123
combined_regularization,7,500,5.432795673323131e-06,0.0021928432397544384,0.10985118879740323,0.9591789245605469,0.015199423382366354,1.3228029082054555
combined_regularization,7,525,4.92381411515626e-06,0.0019064032239839435,0.09919387369178538,0.9585468769073486,0.014645405756969664,1.2531868148709344
combined_regularization,7,550,4.5061605604827014e-06,0.002305883215740323,0.09034971953607747,0.9579476118087769,0.014216762268682721,1.193186137316236
combined_regularization,7,575,4.161049645755239e-06,0.0023480721283704042,0.08294560810648242,0.9573399424552917,0.013842244152120379,1.1414368886202657
combined_regularization,7,600,3.874132100808574e-06,0.0028332541696727276,0.07669528470265673,0.9568830728530884,0.0135491320248552,1.0967205995215634
combined_regularization,7,625,3.6336173107968146e-06,0.0021013638470321894,0.07137051534983059,0.9565868377685547,0.013243095996457961,1.0580410200020804
combined_regularization,7,650,3.4307408426983094e-06,0.00213260599412024,0.06679795393606533,0.9561247825622559,0.013011205931130376,1.0244857798888247
combined_regularization,7,675,3.2582212624647486e-06,0.002802210161462426,0.06289259069559038,0.955676257610321,0.012844760209829349,0.9953772283873532
combined_regularization,7,700,3.1147121484619184e-06,0.0026571780908852816,0.06541977258427178,0.955455482006073,0.012961516962939486,0.9696447972850899
combined_regularization,7,725,2.98366031884298e-06,0.002005592454224825,0.05639603914736699,0.9552891254425049,0.012475956610947766,0.9474847419055125
combined_regularization,7,750,2.872597016448472e-06,0.0021988372318446636,0.053708125684256015,0.9549275636672974,0.012347495787813583,0.9280301966925737
combined_regularization,7,775,2.7755189310842676e-06,0.0027013386134058237,0.051303414513636125,0.9547132253646851,0.0122501452455759,0.9106569763959327
combined_regularization,7,800,2.689692452325476e-06,0.0021171201951801777,0.04916233788571757,0.9547820091247559,0.012114482909806998,0.89522988390989
combined_regularization,7,825,2.6131358996521242e-06,0.0035152402706444263,0.04724381749693108,0.9543392658233643,0.012083958837344448,0.8814735254228413
combined_regularization,7,850,2.5559350037936394e-06,0.0024360264651477337,0.06808335931320132,0.9543774127960205,0.013072298946465093,0.8692001891028118
combined_regularization,7,875,2.480849100713091e-06,0.002373490482568741,0.04652734375482258,0.9543027281761169,0.011990549362809284,0.8582643063190148
combined_regularization,7,900,2.4254033604167483e-06,0.0017808042466640472,0.04244563846809868,0.9546078443527222,0.011759825352236807,0.8476616984432428
combined_regularization,7,925,2.3730011281405747e-06,0.0034221282694488764,0.041101596194459675,0.9542527198791504,0.011771085898664047,0.8382130874998788
combined_regularization,7,950,2.325028681758283e-06,0.0021781432442367077,0.03984956970864844,0.9544355273246765,0.011648065544156422,0.8295971277918598
combined_regularization,7,975,2.2801814271616095e-06,0.0019209099700674415,0.03868999535224636,0.9542495012283325,0.011575320461281369,0.8215721360743357
combined_regularization,7,1000,2.2384132605366172e-06,0.0022681790869683027,0.037607556321503706,0.9544467926025391,0.011540492737180498,0.8140746481554489
combined_regularization,19,1,0.005304435566094716,0.8178296685218811,13400.359715432236,0.9887471199035645,670.0740691614678,37.21270279434208
combined_regularization,19,25,0.0004275717586167044,0.5432704091072083,176.00588755757371,0.9827987551689148,8.837713457383582,12.14035275263412
combined_regularization,19,50,0.00025191887131318735,0.1968340426683426,20.982380409688005,0.9586504697799683,1.068799145963413,9.47345747939164
combined_regularization,19,75,0.00020448453823063807,0.05362548306584358,5.969972322917767,0.9535493850708008,0.31091986821314466,8.556450601774893
combined_regularization,19,100,0.00017182218689717205,0.032353710383176804,3.2195276760143345,0.9597306251525879,0.172363197669823,7.848949660504314
combined_regularization,19,125,0.00014747806197489092,0.02408733032643795,2.1132204409676665,0.9679357409477234,0.11669222419448219,7.274489933345301
combined_regularization,19,150,0.00012823850710142737,0.015901124104857445,1.4968290015642005,0.9767892360687256,0.08553263665298401,6.785907918998432
combined_regularization,19,175,0.0001126309134449611,0.011497048661112785,1.1154057744614625,0.9818891882896423,0.06627666408751193,6.362046822941081
combined_regularization,19,200,9.961771518360653e-05,0.010761315934360027,0.8647344681200435,0.9812991619110107,0.053687398052726154,5.985513357107126
combined_regularization,19,225,8.852384855446592e-05,0.010309572331607342,0.6903480681448951,0.9797439575195312,0.04491884483988692,5.644531596325645
combined_regularization,19,250,7.889084479695723e-05,0.007436460815370083,0.5626729057511598,0.9790549278259277,0.038374908245327605,5.330677643257286
combined_regularization,19,275,7.042688918972777e-05,0.005632304586470127,0.4654218582751608,0.9784365892410278,0.033407501048081795,5.038745919545855
combined_regularization,19,300,6.293950783896752e-05,0.004595987033098936,0.3892333719237035,0.9765264391899109,0.02951967203093233,4.765577327666991
combined_regularization,19,325,5.629545456986155e-05,0.0030905583407729864,0.32838786107696705,0.97484290599823,0.02637864549125993,4.509277190984922
combined_regularization,19,350,5.039203090039969e-05,0.002982157049700618,0.27913805104568884,0.972686767578125,0.023883269521225443,4.2686154047740255
combined_regularization,19,375,4.5146807057617484e-05,0.002555337967351079,0.23889146738084693,0.9720271825790405,0.021837758536460042,4.042738062632776
combined_regularization,19,400,4.0488727068207116e-05,0.0032564946450293064,0.20575288011105944,0.9713883399963379,0.020204840985325885,3.830897752169755
combined_regularization,19,425,3.635127529592073e-05,0.003835340728983283,0.178309818383157,0.9705617427825928,0.018849226332183885,3.6323535311833797
combined_regularization,19,450,3.268092088003496e-05,0.0028602350503206253,0.15546778770964403,0.9701897501945496,0.01765097945197544,3.4464838396679793
combined_regularization,19,475,2.9422873771922638e-05,0.002603755332529545,0.13638471407529187,0.9697734713554382,0.016676580719530865,3.272609943084148
combined_regularization,19,500,2.6531016242608692e-05,0.001959736691787839,0.12038591265278711,0.9692187309265137,0.015836000904495204,3.110025179916368
combined_regularization,19,525,2.3961796739576156e-05,0.002692579058930278,0.10693078850704898,0.9687701463699341,0.015192831412310079,2.9579227351937702
combined_regularization,19,550,2.1677275843629767e-05,0.002763437805697322,0.09558455769778332,0.9683139324188232,0.014622215741906544,2.815687337280087
combined_regularization,19,575,1.9643362105550725e-05,0.0020498165395110846,0.08598799251855645,0.9680724143981934,0.01410225758646183,2.682455417961448
combined_regularization,19,600,1.782846168284889e-05,0.0024136188440024853,0.077848252542748,0.9677254557609558,0.01370817663024841,2.557594285629846
combined_regularization,19,625,1.6206739966000868e-05,0.002639833139255643,0.07091983109269173,0.9674077033996582,0.013368266879622009,2.440472989006336
combined_regularization,19,650,1.4754683454118942e-05,0.002050693379715085,0.0650033212260273,0.967272937297821,0.013040184715124026,2.3304123898871483
combined_regularization,19,675,1.3451246833403308e-05,0.0026618901174515486,0.059927650192925216,0.96689772605896,0.012811905265081903,2.22679449950153
combined_regularization,19,700,1.227809747855273e-05,0.002377796918153763,0.05555517498013585,0.9667732119560242,0.012576658513930052,2.1291074171572264
combined_regularization,19,725,1.1220871345656392e-05,0.0018957190914079547,0.05176288646734954,0.9666256904602051,0.012360407760227933,2.0367620706699605
combined_regularization,19,750,1.0265321252917537e-05,0.0025081883650273085,0.04846190207091314,0.9665541052818298,0.012224310268389653,1.9494427887550045
combined_regularization,19,775,9.400425472564046e-06,0.00180262781213969,0.04556792861844372,0.9664119482040405,0.012042047468271819,1.866676474142903
combined_regularization,19,800,8.615299489963434e-06,0.003006111131981015,0.04301567620827412,0.9662808179855347,0.011972512582677362,1.788107183653078
combined_regularization,19,825,7.90287263224347e-06,0.00223800097592175,0.04074812321369951,0.9661353826522827,0.011818562278247166,1.7134924073326732
combined_regularization,19,850,7.254478330784626e-06,0.002531301463022828,0.03872561116696719,0.9661483764648438,0.011731583694034974,1.642496502141429
combined_regularization,19,875,6.665094519260837e-06,0.002267564879730344,0.03690616041955346,0.9660579562187195,0.011625930622192231,1.5749870675525606
combined_regularization,19,900,6.127994188151138e-06,0.002320072380825877,0.03527540355449727,0.9659649729728699,0.011545551595188813,1.5107836983319372
combined_regularization,19,925,5.63984758307121e-06,0.0019847715739160776,0.03376448728078781,0.9661729335784912,0.011454832242227462,1.449630146157062
combined_regularization,19,950,5.1949629612384805e-06,0.0018656490137800574,0.03239545618163752,0.9659656286239624,0.01137790655059022,1.3915504442931026
combined_regularization,19,975,4.79040286061388e-06,0.001855973619967699,0.031140309523372815,0.9661175012588501,0.011315778942227173,1.3363114445632729
combined_regularization,19,1000,4.422006690928301e-06,0.0018651216523721814,0.02999146630908938,0.9659261107444763,0.011256511920527897,1.283836780127226
combined_regularization,31,1,0.005759622117798219,0.8453524708747864,17281.791761228975,0.9882544279098511,864.1474978520228,38.46810332144474
combined_regularization,31,25,0.0005308413654458105,0.5231108665466309,205.5156689416943,0.9749027490615845,10.312218859864155,13.59647216039271
combined_regularization,31,50,0.000339925967522294,0.11326181888580322,29.27145776637972,0.9456989169120789,1.4790328944930515,11.033828310151302
combined_regularization,31,75,0.000281768197695877,0.049786001443862915,7.9254916314204,0.9463604688644409,0.40850925452024023,10.06988626803265
combined_regularization,31,100,0.00024901279642778695,0.037870656698942184,4.021182669805156,0.9537538290023804,0.21273921761189085,9.47712888340148
combined_regularization,31,125,0.00022303500274953,0.02937559224665165,2.6600219059831822,0.9626328349113464,0.14431923795136165,8.973788658914264
combined_regularization,31,150,0.00020130031200501158,0.021663153544068336,1.9191210765656521,0.9711765646934509,0.10695227754824457,8.529232713197462
combined_regularization,31,175,0.00018356161450707993,0.014736877754330635,1.4486775884602288,0.9785100221633911,0.0831393848348759,8.147518473256874
combined_regularization,31,200,0.00016873214015741911,0.00964865181595087,1.1361880165104394,0.9829651117324829,0.06729021620115555,7.813452825137177
combined_regularization,31,225,0.00015603255640926397,0.006749266758561134,0.9210829701933055,0.9845117926597595,0.056392762442358906,7.515110945843151
combined_regularization,31,250,0.00014491828190130857,0.004638009238988161,0.7667573474798908,0.9837840795516968,0.048552526810334666,7.243602521935008
combined_regularization,31,275,0.00013504080564309375,0.0037226404529064894,0.6511386547790058,0.9817366600036621,0.042695472052606244,6.9932340990902135
combined_regularization,31,300,0.00012616978983089964,0.0032934979535639286,0.5611542982349236,0.9805492162704468,0.038154051727617225,6.760323554914448
combined_regularization,31,325,0.00011814449286727152,0.0035033647436648607,0.4890670170702779,0.979571521282196,0.03454237869044843,6.5423752460224085
combined_regularization,31,350,0.00011084281217724266,0.002108493587002158,0.4301683014045375,0.9789307117462158,0.03151398923509193,6.337488209246072
combined_regularization,31,375,0.00010416546503500995,0.0029904942493885756,0.38142332835804,0.9786314964294434,0.029111170926401524,6.144081957204191
combined_regularization,31,400,9.80277641981012e-05,0.0023010384757071733,0.3407255257095071,0.9781436920166016,0.027030792968130636,5.960727238998202
combined_regularization,31,425,9.235818588541337e-05,0.0017182311275973916,0.3065120855402502,0.9778746366500854,0.025282620427397127,5.786128531289537
combined_regularization,31,450,8.709333798172955e-05,0.002423137193545699,0.2775650517343143,0.9774057269096375,0.023860559978965298,5.619106144778296
combined_regularization,31,475,8.218208731937338e-05,0.0023727891966700554,0.25291405239342013,0.9769371747970581,0.02261589587608637,5.458622704789105
combined_regularization,31,500,7.757997311110736e-05,0.002801393624395132,0.2317771192027134,0.9765844345092773,0.021572349472361186,5.303771367614206
combined_regularization,31,525,7.325036673978938e-05,0.002649627160280943,0.21351936856329812,0.9762131571769714,0.020643831767762126,5.153826085373979
combined_regularization,31,550,6.916397229191351e-05,0.0023981439881026745,0.19763229531196938,0.975969672203064,0.019830382137785516,5.008117499345772
combined_regularization,31,575,6.529690622439676e-05,0.002294640289619565,0.1837053776057255,0.9757189154624939,0.019122486881110783,4.866160787105904
combined_regularization,31,600,6.162898252778137e-05,0.0023004591930657625,0.17140881085739684,0.9755338430404663,0.018502431025759093,4.727536864715718
combined_regularization,31,625,5.814406953769241e-05,0.00215311162173748,0.16047615306369262,0.9752985835075378,0.017942593329514665,4.5919046058282875
combined_regularization,31,650,5.482881424706942e-05,0.0021028199698776007,0.15069316955636278,0.975071132183075,0.017445339092304387,4.459006898476574
combined_regularization,31,675,5.167172276761149e-05,0.0016788915963843465,0.14188598764826355,0.9749431610107422,0.0169793468466174,4.328640510546225
combined_regularization,31,700,4.866415778901904e-05,0.0024089436046779156,0.13391340871470875,0.9748103022575378,0.01661288487520511,4.200626398752393
combined_regularization,31,725,4.5797068213532766e-05,0.002303949324414134,0.12665737303099117,0.974560022354126,0.016239462886529225,4.074858378321123
combined_regularization,31,750,4.306445220009333e-05,0.0015450463397428393,0.12002344032484054,0.9744614362716675,0.01586610315105632,3.9512275522356872
combined_regularization,31,775,4.045997451747444e-05,0.0016488448018208146,0.11393207118944584,0.9744009971618652,0.015563515706991365,3.829654237918692
combined_regularization,31,800,3.797808815409656e-05,0.0026572446804493666,0.10832122567788527,0.9742608070373535,0.015329509897051398,3.7101080284573906
combined_regularization,31,825,3.5613537630078714e-05,0.0020790875423699617,0.10312008124582443,0.9742504358291626,0.015038075964257587,3.592470815248515
combined_regularization,31,850,3.336329561106946e-05,0.002233882201835513,0.09829477156957124,0.9742699861526489,0.014802495550595055,3.476795853388585
combined_regularization,31,875,3.122228209064226e-05,0.001629777834750712,0.09380411965477795,0.9742109179496765,0.014545026261558035,3.36303936111593
combined_regularization,31,900,2.9186982923601186e-05,0.001905175973661244,0.08961590429712608,0.974170446395874,0.014346944979044353,3.251245558469441
combined_regularization,31,925,2.725450639351361e-05,0.0018404453294351697,0.08569407908107413,0.9741988182067871,0.014145968759975237,3.141371736991885
combined_regularization,31,950,2.542118110300371e-05,0.001714924001134932,0.08201740724956488,0.9741755723953247,0.013953792946050599,3.0334335138638573
combined_regularization,31,975,2.36835826660201e-05,0.001525422208942473,0.07856704221968495,0.9742641448974609,0.01377094769718884,2.9274767470891017
combined_regularization,31,1000,2.2038385012825293e-05,0.001634575892239809,0.07532260076881102,0.9742009043693542,0.013611905740218267,2.8235314913930325
