variant,seed,epoch,train_prediction_loss,test_prediction_loss,variance_loss,covariance_loss,embedding_std_mean,embedding_std_min,embedding_std_max,embedding_effective_rank
prediction_only,7,1,0.01671256683766842,0.014406495727598667,0.0,0.0,0.0019563166424632072,7.387513323919848e-05,0.005992224905639887,1.4492874145507812
prediction_only,7,10,0.003332603955641389,0.002680357778444886,0.0,0.0,0.007171803619712591,0.0015256156912073493,0.017404282465577126,1.2355685234069824
prediction_only,7,20,0.00025463924976065755,0.00030198783497326076,0.0,0.0,0.00754208629950881,0.000505984527990222,0.019805973395705223,1.2302552461624146
prediction_only,7,30,0.00010305549949407578,8.508676546625793e-05,0.0,0.0,0.004759383387863636,0.0013560473453253508,0.011607258580625057,1.377333641052246
prediction_only,7,40,5.887630322831683e-05,6.174527516122907e-05,0.0,0.0,0.00357462908141315,0.0011635421542450786,0.007996471598744392,1.5408174991607666
prediction_only,7,50,2.348107227589935e-05,2.3322687411564402e-05,0.0,0.0,0.003559960750862956,0.0006042445311322808,0.008081739768385887,1.5888127088546753
prediction_only,7,60,1.357963355985703e-05,1.7258289517485537e-05,0.0,0.0,0.0036945564206689596,0.00094232038827613,0.00877792201936245,1.606453537940979
prediction_only,7,70,1.2535933819890488e-05,1.5553740013274364e-05,0.0,0.0,0.003884882666170597,0.0010110491421073675,0.009357020258903503,1.6182283163070679
prediction_only,7,80,1.1102578355348669e-05,1.4755574738956057e-05,0.0,0.0,0.004194328561425209,0.0012332787737250328,0.010393311269581318,1.6169524192810059
prediction_only,7,90,1.0167138498218264e-05,1.3828545888827648e-05,0.0,0.0,0.004533152095973492,0.0011721659684553742,0.011343399062752724,1.6174702644348145
prediction_only,7,100,9.920689080900047e-06,1.3703908734896686e-05,0.0,0.0,0.004925703629851341,0.0005236256401985884,0.01256527565419674,1.6060175895690918
prediction_only,7,110,9.931107342708856e-06,1.3647972082253546e-05,0.0,0.0,0.005432011093944311,0.0009734767954796553,0.0140333017334342,1.5672260522842407
prediction_only,7,120,1.0043170732387807e-05,1.3851964467903599e-05,0.0,0.0,0.006030444987118244,0.0016060617053881288,0.015918778255581856,1.500314712524414
prediction_only,7,130,1.0184222446696367e-05,1.3970549844088964e-05,0.0,0.0,0.006641225423663855,0.0014837507624179125,0.018138738349080086,1.4317936897277832
prediction_only,7,140,1.043763586494606e-05,1.4239421943784691e-05,0.0,0.0,0.007186385802924633,0.0014168587513267994,0.0199903417378664,1.3823050260543823
prediction_only,7,150,1.0746202860900667e-05,1.4549483239534311e-05,0.0,0.0,0.007659516297280788,0.0013780859299004078,0.021469419822096825,1.3536816835403442
prediction_only,7,160,1.6902138668228872e-05,1.8097180145559832e-05,0.0,0.0,0.008212065324187279,0.0013025173684582114,0.023089952766895294,1.3295354843139648
prediction_only,7,170,1.1762043868657202e-05,1.7030568415066227e-05,0.0,0.0,0.008658918552100658,0.0013021333143115044,0.024139858782291412,1.3209805488586426
prediction_only,7,180,1.5767394870636053e-05,1.9736104150069878e-05,0.0,0.0,0.009202199056744576,0.0012730540474876761,0.025452837347984314,1.3118220567703247
prediction_only,17,1,0.015999512746930122,0.01374018657952547,0.0,0.0,0.00196774210780859,0.00026140036061406136,0.004796318709850311,1.5426082611083984
prediction_only,17,10,0.0023257206194102764,0.001913015847094357,0.0,0.0,0.007272408809512854,0.0011455233907327056,0.014877934008836746,1.2024697065353394
prediction_only,17,20,0.0002931943454314023,0.0003224115935154259,0.0,0.0,0.00723690539598465,0.0009258282952941954,0.013478453271090984,1.2017728090286255
prediction_only,17,30,0.00018836911476682872,0.0001570051972521469,0.0,0.0,0.0054668947122991085,0.0012467453489080071,0.009884178638458252,1.2593703269958496
prediction_only,17,40,4.412261114339344e-05,4.3271080357953906e-05,0.0,0.0,0.0038761019241064787,0.0004961589002050459,0.007842333056032658,1.3476204872131348
prediction_only,17,50,2.670495814527385e-05,2.770773608062882e-05,0.0,0.0,0.003446616232395172,0.0009494576370343566,0.006959285121411085,1.3919103145599365
prediction_only,17,60,1.2991992662136909e-05,1.4293071217252873e-05,0.0,0.0,0.0035860720090568066,0.0009738562512211502,0.007300494704395533,1.381539225578308
prediction_only,17,70,1.1297919627395459e-05,1.2628197509911843e-05,0.0,0.0,0.0038051409646868706,0.0007756093400530517,0.008117691613733768,1.3598906993865967
prediction_only,17,80,7.989875484781805e-06,1.040838560584234e-05,0.0,0.0,0.004048206377774477,0.0006762410630472004,0.008865992538630962,1.3399087190628052
prediction_only,17,90,7.566938620584551e-06,9.637051334721036e-06,0.0,0.0,0.004409583285450935,0.000710001215338707,0.009880986995995045,1.313396692276001
prediction_only,17,100,7.510069281124743e-06,9.627648978494108e-06,0.0,0.0,0.004841666668653488,0.0009196216706186533,0.011024974286556244,1.2867765426635742
prediction_only,17,110,7.166733212216059e-06,9.356543159810826e-06,0.0,0.0,0.005318311974406242,0.0007621323456987739,0.012295646592974663,1.2633641958236694
prediction_only,17,120,7.064792043820489e-06,9.304032573709264e-06,0.0,0.0,0.005853663664311171,0.000502255919855088,0.013697771355509758,1.2422088384628296
prediction_only,17,130,7.077913323882967e-06,9.313686859968584e-06,0.0,0.0,0.006464804522693157,0.0006098627927713096,0.01525868196040392,1.2236531972885132
prediction_only,17,140,7.130214726203121e-06,9.453907296119723e-06,0.0,0.0,0.007162567228078842,0.0011428103316575289,0.016993902623653412,1.2075306177139282
prediction_only,17,150,7.2673956310609356e-06,9.672195119492244e-06,0.0,0.0,0.007955847308039665,0.0010431124828755856,0.018940793350338936,1.193477988243103
prediction_only,17,160,7.48336697142804e-06,9.999766916735098e-06,0.0,0.0,0.008859306573867798,0.0007866992964409292,0.0211482010781765,1.1812394857406616
prediction_only,17,170,7.764450856484473e-06,1.0407666195533238e-05,0.0,0.0,0.00990997813642025,0.0009247235720977187,0.023670386523008347,1.170536756515503
prediction_only,17,180,8.096345482044853e-06,1.0885058145504445e-05,0.0,0.0,0.011143200099468231,0.0015969114610925317,0.02659034915268421,1.1610745191574097
prediction_only,27,1,0.011083770543336868,0.009213178418576717,0.0,0.0,0.0019319055136293173,0.0001273084490094334,0.0049746399745345116,1.407791256904602
prediction_only,27,10,0.0011645867489278316,0.0009352589258924127,0.0,0.0,0.007610629312694073,0.00013906884123571217,0.02212887443602085,1.1146818399429321
prediction_only,27,20,0.00039372622268274426,0.0003486210771370679,0.0,0.0,0.004664242267608643,0.00042476298403926194,0.014821872115135193,1.1716262102127075
prediction_only,27,30,9.342691919300705e-05,8.574073581257835e-05,0.0,0.0,0.003970695193856955,3.927742727682926e-05,0.013032530434429646,1.197458028793335
prediction_only,27,40,3.106517033302225e-05,3.396715328563005e-05,0.0,0.0,0.0032065666746348143,0.00021417716925498098,0.01049591414630413,1.2378692626953125
prediction_only,27,50,1.557771065563429e-05,1.7389666027156636e-05,0.0,0.0,0.003131117206066847,0.00024921700241975486,0.009996866807341576,1.242496132850647
prediction_only,27,60,1.584411620569881e-05,1.8965018171002157e-05,0.0,0.0,0.003115276340395212,6.507506623165682e-05,0.00961912889033556,1.2444519996643066
prediction_only,27,70,1.023834465740947e-05,1.3127564670867287e-05,0.0,0.0,0.003130523255094886,0.0002714857691898942,0.009318777360022068,1.2438466548919678
prediction_only,27,80,9.285533451475203e-06,1.2605099982465617e-05,0.0,0.0,0.00319411582313478,0.0002810890437103808,0.009063166566193104,1.2403547763824463
prediction_only,27,90,9.729295015858952e-06,1.2967249858775176e-05,0.0,0.0,0.003307224018499255,0.0002914709912147373,0.008998126722872257,1.2334266901016235
prediction_only,27,100,9.399748705618549e-06,1.2666760085267015e-05,0.0,0.0,0.0034438655711710453,0.0003205531684216112,0.008897250518202782,1.2253718376159668
prediction_only,27,110,9.16982662602095e-06,1.2426844477886334e-05,0.0,0.0,0.0036194934509694576,0.00034294469514861703,0.0088594825938344,1.2158421277999878
prediction_only,27,120,9.01457588042831e-06,1.2251613043190446e-05,0.0,0.0,0.003835942130535841,0.00038616330130025744,0.00884641520678997,1.2051286697387695
prediction_only,27,130,8.872689249983523e-06,1.2033451639581472e-05,0.0,0.0,0.004117936827242374,0.00044409610563889146,0.009556913748383522,1.1931912899017334
prediction_only,27,140,8.641023669042625e-06,1.1760083907574881e-05,0.0,0.0,0.004473649896681309,0.0002105104213114828,0.010552595369517803,1.18051016330719
prediction_only,27,150,8.42691952129826e-06,1.1467552212707233e-05,0.0,0.0,0.004930194467306137,0.00042101179133169353,0.011722035706043243,1.1671550273895264
prediction_only,27,160,8.173886271833908e-06,1.1126462595711928e-05,0.0,0.0,0.005490860901772976,0.0007676550303585827,0.01312074065208435,1.153321385383606
prediction_only,27,170,7.877228199504316e-06,1.0732014743553009e-05,0.0,0.0,0.00616610050201416,0.0009530973038636148,0.014805179089307785,1.1392979621887207
prediction_only,27,180,7.540928436355898e-06,1.0275593922415283e-05,0.0,0.0,0.006986911408603191,0.00119693111628294,0.016860608011484146,1.1253304481506348
prediction_plus_vc,7,1,0.01671256683766842,0.014613672159612179,0.03971153125166893,2.8590277714735102e-11,0.0019563166424632072,7.387513323919848e-05,0.005992224905639887,1.4492874145507812
prediction_plus_vc,7,10,0.003931786399334669,0.0032961606048047543,0.02395719289779663,4.4279173039285524e-07,0.023750729858875275,0.006883388850837946,0.05222243443131447,1.0808193683624268
prediction_plus_vc,7,20,0.005092797800898552,0.0030869427137076855,0.0,0.00019785611948464066,0.11607226729393005,0.060068149119615555,0.19735047221183777,1.0332703590393066
prediction_plus_vc,7,30,0.0016850187676027417,0.0013022659113630652,0.0,3.333997665322386e-05,0.07585769891738892,0.057832974940538406,0.10962999612092972,1.031225562095642
prediction_plus_vc,7,40,0.0005992794176563621,0.0005603876779787242,2.0750643670908175e-05,1.5187041753961239e-05,0.06242329999804497,0.048481401056051254,0.0817524865269661,1.03252112865448
prediction_plus_vc,7,50,0.00030848701135255396,0.00034072782727889717,0.0,1.3159645277482923e-05,0.060419246554374695,0.04977957159280777,0.07519259303808212,1.033205509185791
prediction_plus_vc,7,60,0.000310230883769691,0.0003936912107747048,1.206559500133153e-05,1.2796902410627808e-05,0.06008560210466385,0.04869421198964119,0.07580497115850449,1.033416509628296
prediction_plus_vc,7,70,0.000380480894818902,0.0005077586974948645,0.0,1.1812987395387609e-05,0.058968476951122284,0.04924963414669037,0.07364736497402191,1.0333166122436523
prediction_plus_vc,7,80,0.0004787614452652633,0.0006633152370341122,0.0,1.1672959772113245e-05,0.05885300040245056,0.050398461520671844,0.0730108916759491,1.0336494445800781
prediction_plus_vc,7,90,0.0006166698294691741,0.0008601492736488581,0.0,1.2131234143453185e-05,0.059457194060087204,0.05000172555446625,0.07234568148851395,1.0337650775909424
prediction_plus_vc,7,100,0.0007917788461782038,0.0011084222933277488,0.0,1.0621251021802891e-05,0.05750466138124466,0.04997555911540985,0.06882551312446594,1.0342841148376465
prediction_plus_vc,7,110,0.0009471477242186666,0.0013352197129279375,0.0,1.041957875713706e-05,0.0571904294192791,0.04946929216384888,0.06749136000871658,1.0342212915420532
prediction_plus_vc,7,120,0.0010660190600901842,0.0014850696315988898,0.0,1.0708557056204882e-05,0.05755769833922386,0.049894701689481735,0.06758042424917221,1.034462809562683
prediction_plus_vc,7,130,0.0011132885701954365,0.0015144201461225748,0.0,1.1519504369061906e-05,0.05856924504041672,0.04994814097881317,0.06949847936630249,1.0345209836959839
prediction_plus_vc,7,140,0.0009647130500525236,0.0012983584310859442,0.0,1.5290448573068716e-05,0.06285915523767471,0.05356546863913536,0.07493846863508224,1.0338908433914185
prediction_plus_vc,7,150,0.001014124252833426,0.001369045116007328,1.7440568626625463e-05,1.2024501302221324e-05,0.059107355773448944,0.048562511801719666,0.07177160680294037,1.0351113080978394
prediction_plus_vc,7,160,0.0007291524671018124,0.0009323150152340531,0.0,1.4076528714213055e-05,0.06154004856944084,0.05151568725705147,0.07325790822505951,1.0352606773376465
prediction_plus_vc,7,170,0.0005578930722549558,0.0007788037182763219,0.0,1.2939505722897593e-05,0.06017378717660904,0.04960216209292412,0.0716763511300087,1.0364806652069092
prediction_plus_vc,7,180,0.0003259969234932214,0.0004459578194655478,0.0,1.3928592125012074e-05,0.06128895282745361,0.05035748332738876,0.07490198314189911,1.0361684560775757
prediction_plus_vc,17,1,0.015999512746930122,0.013901141472160816,0.03973527252674103,2.309389658672334e-11,0.00196774210780859,0.00026140036061406136,0.004796318709850311,1.5426082611083984
prediction_plus_vc,17,10,0.0034153335727751255,0.002769666723906994,0.026707347482442856,2.3229709711358737e-07,0.0206230990588665,0.0038963451515883207,0.03935718908905983,1.1162972450256348
prediction_plus_vc,17,20,0.000995806884020567,0.0010009839897975326,0.0,0.0004008074465673417,0.13878250122070312,0.07781067490577698,0.2319335788488388,1.0510070323944092
prediction_plus_vc,17,30,0.000374396302504465,0.00036152638494968414,8.107520261546597e-05,2.1236655811662786e-05,0.06751894950866699,0.04700218886137009,0.10916939377784729,1.0618089437484741
prediction_plus_vc,17,40,0.00019545831310097128,0.00020447539282031357,0.0,1.0492031833564397e-05,0.05701831728219986,0.04929732903838158,0.08532947301864624,1.064708948135376
prediction_plus_vc,17,50,0.00020314863650128245,0.00021939178986940533,0.0,1.1875838026753627e-05,0.058820586651563644,0.049787670373916626,0.0826159343123436,1.061070442199707
prediction_plus_vc,17,60,0.00015201314818114042,0.00020231200323905796,0.0,1.088816952687921e-05,0.05752262473106384,0.04906000569462776,0.07935351878404617,1.0619794130325317
prediction_plus_vc,17,70,0.00017278666200581938,0.00023004645481705666,0.0,1.3236621271062177e-05,0.060503821820020676,0.04988517239689827,0.08211762458086014,1.058799147605896
prediction_plus_vc,17,80,0.00019238059758208692,0.0002557725238148123,0.0,1.1977492249570787e-05,0.05901889130473137,0.04923465475440025,0.07954678684473038,1.0590102672576904
prediction_plus_vc,17,90,0.00019187931320630014,0.0002573168312665075,0.0,1.1379465831851121e-05,0.058314379304647446,0.04909554123878479,0.07818715274333954,1.0599365234375
prediction_plus_vc,17,100,0.00016791702364571393,0.00021987830405123532,0.0,1.2518201401690021e-05,0.05974925309419632,0.049877241253852844,0.07836491614580154,1.0584931373596191
prediction_plus_vc,17,110,0.0001401604968123138,0.00018232589354738593,6.951702289370587e-06,1.250761306437198e-05,0.05971118062734604,0.04881950095295906,0.07826672494411469,1.0594253540039062
prediction_plus_vc,17,120,0.00010305077012162656,0.00012785532453563064,0.0,1.2305990821914747e-05,0.05954255908727646,0.051020655781030655,0.07720497250556946,1.0596753358840942
prediction_plus_vc,17,130,7.241400453494862e-05,9.23206825973466e-05,0.0,1.0673461474652868e-05,0.057501327246427536,0.04988418146967888,0.07303518801927567,1.060756802558899
prediction_plus_vc,17,140,4.8577014240436256e-05,5.595900074695237e-05,0.0,9.756597137311473e-06,0.056252621114254,0.049473002552986145,0.06910911202430725,1.0609468221664429
prediction_plus_vc,17,150,2.6247296773362905e-05,3.150970587739721e-05,0.0,1.0991951967298519e-05,0.057937562465667725,0.04913637787103653,0.06880050152540207,1.060600996017456
prediction_plus_vc,17,160,2.0481147657847032e-05,2.5886758521664888e-05,0.0,1.1350005479471292e-05,0.0583718940615654,0.04924842715263367,0.0686807930469513,1.0598928928375244
prediction_plus_vc,17,170,1.755708217388019e-05,2.2394115148927085e-05,0.0,1.1651897693809588e-05,0.05877033993601799,0.05023816600441933,0.06823047995567322,1.0587177276611328
prediction_plus_vc,17,180,1.625228105694987e-05,2.330627648916561e-05,6.67913525376207e-07,1.1592072041821666e-05,0.05873332545161247,0.048973433673381805,0.06561879813671112,1.058945655822754
prediction_plus_vc,27,1,0.011083770543336868,0.009414628148078918,0.039737097918987274,2.4331918424547183e-11,0.0019319055136293173,0.0001273084490094334,0.0049746399745345116,1.407791256904602
prediction_plus_vc,27,10,0.0017110347980633378,0.001735059660859406,0.02398649975657463,4.2041847336804494e-07,0.023834526538848877,0.01065639965236187,0.05202608183026314,1.0709059238433838
prediction_plus_vc,27,20,0.0024788696318864822,0.0029143092688173056,0.0,4.3386087781982496e-05,0.07996998727321625,0.05296701565384865,0.13709482550621033,1.0278165340423584
prediction_plus_vc,27,30,0.0011754531878978014,0.0010431508999317884,0.0,3.735702921403572e-05,0.07832155376672745,0.06490525603294373,0.11633585393428802,1.0257328748703003
prediction_plus_vc,27,40,0.0003904174081981182,0.0003934247943107039,0.0,1.1962169082835317e-05,0.05909750610589981,0.0526350773870945,0.08152526617050171,1.0301367044448853
prediction_plus_vc,27,50,0.00036919626290909946,0.00043105712393298745,1.4399799965758575e-06,9.24088635656517e-06,0.055461134761571884,0.04895453527569771,0.07243646681308746,1.0312186479568481
prediction_plus_vc,27,60,0.0004431792185641825,0.0006175754242576659,0.0,9.828622751228977e-06,0.05637149140238762,0.04956173896789551,0.07044761627912521,1.0310065746307373
prediction_plus_vc,27,70,0.0007246774039231241,0.0010228152386844158,0.0,1.0663347893569153e-05,0.057569533586502075,0.05241640284657478,0.07020600885152817,1.0302616357803345
prediction_plus_vc,27,80,0.0011370487045496702,0.0016200741520151496,0.0,1.2583282114064787e-05,0.06000938639044762,0.05449176952242851,0.07176505029201508,1.0295820236206055
prediction_plus_vc,27,90,0.0017820131033658981,0.002491447376087308,0.0,9.212875738739967e-06,0.05549415946006775,0.049816571176052094,0.06546077877283096,1.031394124031067
prediction_plus_vc,27,100,0.0025509600527584553,0.0036086502950638533,0.0,1.056553992384579e-05,0.057445622980594635,0.051911361515522,0.06673520058393478,1.0306081771850586
prediction_plus_vc,27,110,0.0035567237064242363,0.004996257368475199,5.9107941297043e-07,9.428689736523665e-06,0.055838197469711304,0.048975326120853424,0.06453991681337357,1.0311616659164429
prediction_plus_vc,27,120,0.004610860720276833,0.0063934107311069965,0.0,1.1564856322365813e-05,0.05880453810095787,0.05297434329986572,0.06729106605052948,1.0304250717163086
prediction_plus_vc,27,130,0.0055633545853197575,0.007870186120271683,0.0,1.373503891954897e-05,0.06134993955492973,0.05418038368225098,0.069270059466362,1.030132532119751
prediction_plus_vc,27,140,0.006442113779485226,0.008554522879421711,0.0,1.7241298337467015e-05,0.06494991481304169,0.05757851153612137,0.07563552260398865,1.0298149585723877
prediction_plus_vc,27,150,0.006430638954043388,0.008850238285958767,0.0,2.2123134840512648e-05,0.06909424811601639,0.05900456756353378,0.0791092962026596,1.0297297239303589
prediction_plus_vc,27,160,0.007248322945088148,0.010128299705684185,0.0,1.2302742106840014e-05,0.05961564928293228,0.05007856711745262,0.06964217126369476,1.0342005491256714
prediction_plus_vc,27,170,0.006378573831170797,0.00861589889973402,0.0,1.413688460161211e-05,0.06169974058866501,0.050711728632450104,0.0715528056025505,1.0347849130630493
prediction_plus_vc,27,180,0.0041960421949625015,0.005647446494549513,0.0,2.1954949261271395e-05,0.06885136663913727,0.05505714565515518,0.08004459738731384,1.0339280366897583
